A,R,N,D,C,E,Q,G,H,I,L,K,M,F,P,S,T,W,Y,V,*,entropy,n_effective,site
,,,,,,,,,,,,0.0,,,,,,,,,-0.0,1.0,1
-0.05428775910469495,-0.0012455692030100707,-0.022410248944353582,-0.006806407751120032,,,,-0.002296488818668289,,-0.36777405714471517,-0.004203678462632874,,,-0.02672666348128869,-0.0012455692030100707,-0.0076287585758583396,-0.0076287585758583396,,,-0.3077399910337978,,0.8099939502990082,2.2478943875464306,2
-0.0022973382116993754,-0.003275141279576807,,,,-0.0012460349129237074,,,-0.13161415601390172,,-0.2370890580039525,,,-0.023048146495751022,-0.15245125460633382,-0.061738683969672706,-0.0012460349129237074,,-0.005966087716709497,,,0.6199719361234449,1.8588758738512723,3
,-0.00922263236568896,,,,-0.002296488818668289,-0.1496336998171526,,-0.012979978228170836,,-0.1053163605232514,-0.0164987688578594,,,-0.0076287585758583396,-0.0012455692030100707,,-0.26094966829481847,,,,0.5657719246844783,1.7608064682303235,4
-0.20082958762185152,,-0.0032739391639299126,-0.0032739391639299126,,,,-0.002296488818668289,,-0.0059639295658042695,-0.002296488818668289,,,,-0.0012455692030100707,-0.02304021264606389,-0.062171197547938914,,,-0.3266551190576897,,0.6310464716075548,1.8795764738726286,5
,-0.01785837810716988,,,,,,,-0.0012458796354502838,-0.0230455012194264,-0.02687256817791417,,,-0.07011135868414793,-0.010762510710030372,,,,,-0.005965368147621882,,0.15586156468176093,1.168664407461851,6
,-0.005098557457904805,,,,,-0.0032743397649125186,,,-0.0012457243988178803,-0.03664777915489991,,-0.06262893148240782,-0.01650069139286093,-0.014413569961907097,-0.041826025727876325,,-0.03537254154952223,,,,0.21700816089110953,1.2423542408140724,7
,,,,-0.0012455692030100707,,,,,-0.00509794015122411,-0.11558568601584711,,,-0.07751376577528862,-0.004203678462632874,-0.041821395065867725,,,-0.062171197547938914,-0.08290292814649121,,0.39054216036830064,1.4777817714433519,8
-0.16590109226169716,,,,,,,-0.00509794015122411,,-0.02366549514742065,-0.0285155723800358,,-0.0012455692030100707,-0.0012455692030100707,-0.0012455692030100707,-0.0032739391639299126,,,,-0.06729017986722315,,0.29748092658056097,1.346462693460144,9
,,-0.0012461902312545852,,,,,,-0.0022976214907305965,,-0.08842346706378697,,,,-0.03069703704674,-0.029703457428210032,-0.00922702581213275,,,,,0.16159479907285493,1.1753838781789345,10
,,,,,,,,,-0.041826025727876325,-0.18229634590546334,,,-0.3188134583071743,-0.004204189907519862,,,,,-0.0032743397649125186,,0.5504143596129464,1.7339713567320458,11
,-0.0012457243988178803,,,,,-0.0012457243988178803,,,-0.002296771875697846,-0.007693729967897721,,-0.026125675942598636,,,-0.005964648764011293,,,,-0.009223730306120037,,0.053796005653961296,1.0552693112237224,12
-0.23526780699989266,,,-0.002296488818668289,-0.002296488818668289,-0.0012455692030100707,,-0.13851689729253863,,-0.36482985075720475,-0.0012455692030100707,,,-0.02672666348128869,,-0.0012455692030100707,-0.002296488818668289,,,-0.33873781381290147,,1.1147052064088614,3.04866931852341,13
,,,,,,,,,-0.033696666237100804,-0.11458318031643405,,,-0.30204672952123296,-0.09594023552224958,-0.36319037716089697,,,-0.002296488818668289,-0.056650663644152686,,0.9684043412207354,2.6337385566035927,14
-0.0012460349129237074,-0.0012460349129237074,,,,,-0.0012460349129237074,,,,-0.005966087716709497,,,,-0.3629727037306182,-0.25648501555436864,,,,,,0.6291619117404675,1.8760376351069719,15
,-0.002296488818668289,,,-0.0012455692030100707,,-0.0012455692030100707,,,,-0.2302253784847602,,-0.283644946007075,-0.042863827380825,-0.026122697708816457,-0.23597636966855454,-0.00509794015122411,-0.002296488818668289,,-0.010759961607497426,,0.8417752370521094,2.320482729401943,16
,-0.010759961607497426,,,-0.006019366599235551,,,-0.0032739391639299126,,,,,,,,-0.020490596808652384,,,,-0.002296488818668289,,0.04284035299798356,1.0437712465982092,17
,-0.002296488818668289,,,,,-0.0012455692030100707,,,-0.0059639295658042695,-0.31799003345230725,,,-0.20854347634675,,-0.13401798478401877,-0.006806407751120032,,-0.0032739391639299126,-0.0076287585758583396,,0.687766587661467,1.989267713128633,18
-0.0032739391639299126,-0.0012455692030100707,,,,,,-0.0008421050140427705,,,,,,,,,,-0.002296488818668289,,,,0.007658102199651044,1.007687500461349,19
,-0.010759961607497426,-0.0032739391639299126,-0.002296488818668289,,-0.05236881121307644,-0.0012455692030100707,-0.06749874778119574,,,,-0.030272092794399037,,,,,,,,,,0.16771561058177692,1.1826002438251635,20
,,,,,,,,,,,,,-0.0001404001392467304,,-0.0012455692030100707,,,,,,0.0013859693422568012,1.00138693024164,21
,,,,,,,,,,-0.0012455692030100707,,,,-0.0002807805607575174,-0.0012455692030100707,,,,,,0.0027719189667776587,1.0027757642863073,22
,,,,,,,,,-0.0050419630201626545,-0.012979978228170836,,-0.002296488818668289,-0.0032739391639299126,,,-0.0012455692030100707,,,-0.012979978228170836,,0.037817916662112594,1.0385421144466276,23
,,,,-0.0012455692030100707,,,,-0.0012455692030100707,,,,,,,-0.0012455692030100707,,,-0.000421141261763016,,,0.004157848870793228,1.0041665047168182,24
-0.0012455692030100707,,,,,,,,,,,-0.0012455692030100707,,,-0.0032739391639299126,,-0.0007018034911769887,,,,,0.006466881061127043,1.0064878364841785,25
,,,,,,,,,-0.0005614822394932142,,,-0.002296488818668289,,,,-0.0012455692030100707,,,-0.0012455692030100707,,0.005349109464181645,1.0053634414933472,26
,,,,,,,,,,-0.002296488818668289,,,,-0.000421141261763016,-0.0012455692030100707,,,,,,0.003963199283441376,1.0039710631429704,27
,,,-0.015327340465472109,,-0.06397425308679609,,,,,,,,,,,-0.0012457243988178803,,,,,0.08054731795108609,1.083880132415961,28
,-0.0012457243988178803,-0.002296771875697846,,,-0.019842464608601056,,,,-0.0012457243988178803,,-0.006717857077659297,,,,,-0.015812515774680243,,,,,0.0471610581342742,1.0482908312496566,29
,,,,,,,,-0.0012455692030100707,-0.027326728474327357,-0.005740207565389725,,,-0.0012455692030100707,-0.0012455692030100707,,,,,-0.0012455692030100707,,0.03804921285175736,1.038782353062552,30
,,,,,,,0.0,,,,,,,,,,,,,,-0.0,1.0,31
,,,,,,,,,,,,,,-0.0001404001392467304,-0.0012455692030100707,,,,,,0.0013859693422568012,1.00138693024164,32
,-0.01151052072211323,,,,,,-0.0012455692030100707,,,,,,,,,,-0.001963806626662581,,,,0.014719896551785882,1.014828767764116,33
,-0.002296488818668289,-0.0032739391639299126,,,,,,,-0.0032739391639299126,,,,,,-0.003364155633366244,-0.013700320452901864,,,,,0.02590884323279622,1.0262473948146198,34
,,,,,,,,,,-0.0012457243988178803,,,,-0.0002808199851526924,-0.0012457243988178803,,,,,,0.002772268782788453,1.0027761150733863,35
,,,,,,,,,-0.0007018034911769887,,,-0.0012455692030100707,-0.0012455692030100707,,,-0.002296488818668289,,,-0.0012455692030100707,,0.00673499991887549,1.0067577310335267,36
,,,-0.000421141261763016,,,,-0.0012455692030100707,-0.0012455692030100707,,,,,-0.0012455692030100707,,,,,,,,0.004157848870793228,1.0041665047168182,37
,,,,,,,,,-0.0028042532542778644,-0.009997688079392428,,-0.002296488818668289,,,,-0.0012455692030100707,,-0.002296488818668289,-0.004203678462632874,,0.022844166636649815,1.0231070929046322,38
,-0.0012455692030100707,,,,,,,-0.0007018034911769887,,-0.002296488818668289,,,,,,-0.002296488818668289,,,,,0.006540350331523637,1.0065617851276312,39
,-0.0032739391639299126,-0.0012455692030100707,,,,,,-0.0007018034911769887,,,,,,-0.0012455692030100707,,,,,,,0.0064668810611270425,1.0064878364841785,40
,,,,,,,,,,-0.000421141261763016,,,-0.0012455692030100707,-0.0012455692030100707,,,,,-0.0012455692030100707,,0.004157848870793228,1.0041665047168182,41
,-0.014411881330565238,-0.008433512156488842,,-0.0012455692030100707,,,-0.002296488818668289,,-0.0012455692030100707,-0.0012455692030100707,,,,,-0.0046227784891040395,-0.002296488818668289,,,,,0.03579785722252491,1.0364463151771626,42
,-0.0012455692030100707,,,-0.0001404001392467304,,,,,,,,,,,,,,,,,0.0013859693422568012,1.00138693024164,43
,,,,,,,,,,-0.0012457243988178803,,,,-0.0004212003900465766,-0.002296771875697846,,,,,,0.003963696664562303,1.0039715624993473,44
,,-0.0002807805607575174,,,,,,,,,-0.0012455692030100707,,,,-0.0012455692030100707,,,,,,0.0027719189667776587,1.0027757642863073,45
,,-0.000421141261763016,,,,,,-0.0012455692030100707,,,,,,,-0.0012455692030100707,,,-0.0012455692030100707,,,0.004157848870793228,1.0041665047168182,46
,,,,,,,,,,-0.009642553303566078,,-0.043902461065525575,-0.002296771875697846,,,,,,,,0.0558417862447895,1.0574303704715442,47
-0.010759961607497426,,,,,,,-0.0012455692030100707,,-0.027326728474327357,-0.002296488818668289,,-0.012979978228170836,,,,,,,-0.009363080150372786,,0.06397180648204677,1.0660623422900217,48
-0.05758513933762037,,,,,,,-0.0012455692030100707,,-0.02304021264606389,-0.0059639295658042695,,-0.002296488818668289,,,,,,,-0.01863681799711113,,0.10876815756827801,1.1149038383585612,49
,,,,,-0.0002807805607575174,,-0.0012455692030100707,,,,-0.0012455692030100707,,,,,,,,,,0.0027719189667776587,1.0027757642863073,50
,,-0.042863827380825,-0.009223987357783212,,-0.0012455692030100707,,,,,,,,,,,,,,,,0.05333338394161828,1.054781233634331,51
,,,-0.04338178630153688,,-0.009363080150372786,,,,,,,,,,,,,,-0.0012455692030100707,,0.05399043565491973,1.055474507184394,52
,,,,,-0.0032739391639299126,,-0.000421141261763016,,,,,,,,,,,,,,0.0036950804256929287,1.0037019156516793,53
,,,,-0.0001404001392467304,,,,,,,,,,,-0.0012455692030100707,,,,,,0.0013859693422568012,1.00138693024164,54
-0.04943981085334937,,-0.31065314904129593,-0.02672666348128869,,,,,,-0.004203678462632874,,,,,,-0.009997688079392428,-0.17923422162175004,,,,,0.5802552115397094,1.7864943065378718,55
,,-0.23241114972658994,-0.004205213195102673,,,,,,-0.0012460349129237074,,,,,,-0.337536904006742,-0.13796238523355045,,,,,0.7133616870749088,2.040840406667459,56
,-0.0012455692030100707,,,,,,,,,-0.0001404001392467304,,,,,,,,,,,0.0013859693422568012,1.00138693024164,57
,,,,,,,,,,,,,-0.002296488818668289,-0.002296488818668289,-0.0008421050140427705,-0.002296488818668289,,,,,0.0077315714700476375,1.0077615372464768,58
,-0.004203678462632874,,,,-0.02551471967614899,,-0.005321320303219855,,,,,,,,,,,,,,0.03503971844200172,1.0356608428178473,59
,,,,,,,,,-0.0059639295658042695,-0.00922263236568896,,,-0.002384118870098165,,,,,,-0.0012455692030100707,,0.018816250004601465,1.018994391198966,60
,,,,-0.0012455692030100707,,,,,,,,,,-0.0012455692030100707,-0.0002807805607575174,,,,,,0.0027719189667776587,1.0027757642863073,61
,,,,-0.0012455692030100707,,,,,,,,,,,,,,-0.0001404001392467304,,,0.0013859693422568012,1.00138693024164,62
,,,,,,,,,-0.013700320452901864,-0.0076287585758583396,,-0.004063588499658569,,,,-0.0012455692030100707,,,-0.004203678462632874,,0.030841915194061716,1.0313224545889605,63
,,,-0.0012455692030100707,,-0.0001404001392467304,,,,,,,,,,,,,,,,0.0013859693422568012,1.00138693024164,64
,-0.0012455692030100707,,,,,,,,-0.0012455692030100707,-0.0002807805607575174,,,,,,,,,,,0.0027719189667776587,1.0027757642863073,65
,-0.002296488818668289,,,,,,,,-0.0012455692030100707,,-0.000421141261763016,,,,,,,,,,0.003963199283441376,1.0039710631429704,66
-0.0032739391639299126,,,,,,,,,,-0.0012455692030100707,,-0.0012455692030100707,,,,,-0.0012455692030100707,,-0.0008421050140427705,,0.007852751787002895,1.007883665508597,67
,,,,,,,0.0,,,,,,,,,,,,,,-0.0,1.0,68
,-0.002296488818668289,-0.03142617047408822,-0.0012455692030100707,-0.0012455692030100707,,,,-0.012979978228170836,,,,,,,,,,-0.008806589595036293,,,0.05800036552198378,1.0597153830594856,69
,,-0.0012458796354502838,,,,,,,-0.0016839721846287057,,,,,,-0.0032747404701142886,-0.005965368147621882,,,-0.002297055006698336,,0.014467015444513495,1.0145721691874654,70
,,,,,,,,,,-0.1049643094216972,,,,,-0.029455578908416772,,,,,,0.13441988833011398,1.1438730177540877,71
-0.01794785178096829,,,,,,,,,,,,,,-0.0012455692030100707,-0.07095321058929062,-0.0032739391639299126,,,,,0.0934205707371989,1.0979233926321155,72
,-0.0012455692030100707,,,,,,,,-0.0008421050140427705,-0.0012455692030100707,,-0.0032739391639299126,,,,-0.0012455692030100707,,,,,0.007852751787002895,1.007883665508597,73
,-0.03971390169983259,,,,-0.0012457243988178803,,,,-0.0012457243988178803,,-0.008529417395527232,,,,,,,,,,0.05073476789299558,1.0520438204761398,74
-0.0012455692030100707,,,,,,,-0.002296488818668289,,,,,-0.062171197547938914,,,,-0.00509794015122411,,,-0.015739788442547697,,0.08655098416338908,1.0904069597872081,75
-0.0012455692030100707,,-0.006019366599235551,-0.0059639295658042695,,,,,,,,-0.0012455692030100707,,,,-0.02304021264606389,-0.00509794015122411,,,,,0.042612587368347964,1.0435335384549325,76
,,,,,,,0.0,,,,,,,,,,,,,,-0.0,1.0,77
,,,,,,,,,-0.0012455692030100707,-0.0012455692030100707,,,-0.000421141261763016,,,,,-0.0012455692030100707,,,0.004157848870793228,1.0041665047168182,78
,,,,,,,,,,,,,,,-0.0012455692030100707,-0.0001404001392467304,,,,,0.0013859693422568012,1.00138693024164,79
,,,,-0.0001404001392467304,,,,,,,,,,,,,-0.0012455692030100707,,,,0.0013859693422568012,1.00138693024164,80
,,,,,,,,,,,,,,-0.0012455692030100707,,-0.0001404001392467304,,,,,0.0013859693422568012,1.00138693024164,81
,,,-0.0012455692030100707,,,,-0.0001404001392467304,,,,,,,,,,,,,,0.0013859693422568012,1.00138693024164,82
-0.0012455692030100707,,,-0.0012455692030100707,,,,-0.0012455692030100707,,-0.006806407751120032,,,,,,,,,,-0.0014031137618652106,,0.011946229122015456,1.0120178703136014,83
,,,,,-0.0012455692030100707,,-0.0012455692030100707,,-0.0683693659247988,-0.002296488818668289,,-0.00509794015122411,,,,,,,-0.0178099982903014,,0.09606493159101273,1.1008305403518375,84
-0.0012455692030100707,-0.0012455692030100707,,,,,,,,-0.0012455692030100707,,,,,,,-0.000421141261763016,,,,,0.004157848870793228,1.0041665047168182,85
,,,,,-0.000421141261763016,-0.0012455692030100707,,,,,-0.0012455692030100707,,,,,,,,-0.0012455692030100707,,0.004157848870793228,1.0041665047168182,86
0.0,,,,,,,,,,,,,,,,,,,,,-0.0,1.0,87
,,,-0.0012455692030100707,,-0.0012628911820036733,,,,,,-0.0012455692030100707,,,,,,,-0.0012455692030100707,-0.0059639295658042695,,0.010963528356838155,1.011023848071274,88
-0.0012455692030100707,,-0.0012455692030100707,,,,,,,,,,,,-0.002296488818668289,,-0.0005614822394932142,,,,,0.005349109464181644,1.0053634414933472,89
,,,,,,,,,,,,,,,,,,0.0,,,-0.0,1.0,90
,,,,,,,,,-0.0012455692030100707,,,,,-0.0032739391639299126,,-0.0005614822394932142,,,,,0.005080990606433198,1.0050939207292064,91
,,-0.0001404001392467304,,,,,,,,,,,,,,-0.0012455692030100707,,,,,0.0013859693422568012,1.00138693024164,92
,,,,,,,,,,-0.0068072255391781605,,,-0.0012630684172151442,,-0.002296771875697846,,,,,,0.010367065832091151,1.010420990043258,93
,,,,,,,,,-0.021775442558628268,-0.0012455692030100707,,,,,,,,,-0.004063588499658569,,0.027084600261296905,1.0274547220246955,94
,,,,,,,0.0,,,,,,,,,,,,,,-0.0,1.0,95
,,,,,,,,,,,,,,,,,,0.0,,,-0.0,1.0,96
-0.0012455692030100707,,,,,,,,,,,,,,,,,,,-0.0001404001392467304,,0.0013859693422568012,1.00138693024164,97
-0.0012455692030100707,,,,,,,,,,,,,,,,-0.0001404001392467304,,,,,0.0013859693422568012,1.00138693024164,98
-0.0012455692030100707,,,,,,,,,,,,,,-0.002296488818668289,-0.0012455692030100707,-0.0005614822394932142,,,,,0.005349109464181644,1.0053634414933472,99
-0.002296488818668289,,,,,,,,,-0.0012455692030100707,,,-0.002296488818668289,,,,-0.0008421050140427705,,,-0.0012455692030100707,,0.00792622105739949,1.007957716706357,100
,,,,,,,,,,-0.0012455692030100707,,,-0.0001404001392467304,,,,,,,,0.0013859693422568012,1.00138693024164,101
,-0.2110967260325227,,,,,,,,,,-0.08225609400127355,,,,,,,,,,0.29335282003379626,1.3409158089426,102
,-0.000421141261763016,,,,,,-0.0012455692030100707,,,,-0.002296488818668289,,,,,,,,,,0.003963199283441376,1.0039710631429704,103
,-0.05236881121307644,,,,,,,,,,-0.011724610283583736,,,,,,,,,,0.06409342149666017,1.0661919993613216,104
,,,,,,,,-0.0001404001392467304,,,,,,,,,,-0.0012455692030100707,,,0.0013859693422568012,1.00138693024164,105
,,,,,,,,,,-0.01151052072211323,,,-0.0028042532542778644,,-0.00509794015122411,,,,-0.002296488818668289,,0.021709202946283493,1.021946562207508,106
,-0.007831965431207117,,,-0.00509794015122411,,,,-0.0285155723800358,,-0.0032739391639299126,,,,-0.0012455692030100707,-0.0076287585758583396,,,,,,0.053593744905265354,1.055055893246526,107
,-0.0012455692030100707,,,,,,,,,-0.0012455692030100707,,,,-0.0002807805607575174,,,,,,,0.0027719189667776587,1.0027757642863073,108
-0.004204189907519862,-0.0012457243988178803,,,,,,,,-0.25371886396897886,-0.012251712624790917,,-0.35850612649921154,,-0.0012457243988178803,-0.0012457243988178803,-0.3333493780541546,,,-0.1522792758033796,,1.1180467200544888,3.0588735279099444,109
-0.010759961607497426,,,,,,,,,,-0.006806407751120032,,,,-0.005740207565389725,-0.017854230697914482,,,,,,0.04116080762192166,1.0420196567763629,110
,,-0.0032739391639299126,-0.0029442585117416555,,-0.00922263236568896,,-0.0059639295658042695,,,,,,,,,,,-0.002296488818668289,,,0.023701248425833085,1.0239843552514336,111
-0.009363080150372786,,,,-0.0012455692030100707,-0.022410248944353582,,-0.0076287585758583396,,,,,,,,-0.0164987688578594,-0.006806407751120032,,,-0.002296488818668289,,0.06624932230124249,1.0684930831134716,112
,,,,-0.0001404001392467304,,,,,,,,-0.0012455692030100707,,,,,,,,,0.0013859693422568012,1.00138693024164,113
,-0.0011226488622297411,,,,,-0.0012455692030100707,-0.0012455692030100707,,,,-0.004203678462632874,,,,-0.0012455692030100707,,,-0.0012455692030100707,,,0.010308604136902898,1.0103619208459858,114
-0.23293131827589003,,-0.009223730306120037,-0.04795655803727511,,-0.0012457243988178803,,,,,,,,,,-0.3241460219467921,-0.166174425172089,,,-0.002296771875697846,,0.7839745500126821,2.190159889379943,115
-0.001543316599038553,-0.0012455692030100707,,,,,,,,,,,,,,-0.00509794015122411,-0.004203678462632874,,,-0.0012455692030100707,,0.013336073618915678,1.0134253956755381,116
,,,,,,,,-0.10141725675928781,,,,,-0.0012457243988178803,,,,,-0.02836967983282886,-0.0012457243988178803,,0.13227838538975242,1.1414260313725961,117
,,-0.02358906708397838,-0.06442697896734502,,-0.005965368147621882,-0.0012458796354502838,,-0.005099174924137585,,,-0.0012458796354502838,,,,-0.03200562123014137,-0.0012458796354502838,,-0.0012458796354502838,,,0.13606972889502536,1.1457617835126381,118
,-0.002296771875697846,,,-0.0012457243988178803,,,,,,-0.0012457243988178803,,,,,,,-0.0005615610661240251,,,,0.005349781739457632,1.0053641173745596,119
,-0.0012455692030100707,,,,-0.0012455692030100707,,,,,,-0.0002807805607575174,,,,,,,,,,0.0027719189667776587,1.0027757642863073,120
-0.0012460349129237074,,,-0.0012460349129237074,,,,,,-0.10464313658260352,-0.15776829557019162,,-0.1207383142846639,,,,-0.10035693716971025,,,-0.07011878035355654,,0.5561175337865732,1.7438887508232503,121
-0.003364155633366244,,,,,,,-0.0012455692030100707,,,,,,,,-0.015115178026811015,-0.004203678462632874,,,-0.0012455692030100707,,0.025174150528830277,1.0254936952438756,122
,-0.0032739391639299126,,,,,,-0.000421141261763016,,,,,,,,,,,,,,0.0036950804256929287,1.0037019156516793,123
,,,-0.0005615610661240251,,-0.0012457243988178803,,-0.002296771875697846,,,,,,,,-0.0012457243988178803,,,,,,0.005349781739457632,1.0053641173745596,124
,,,,,,,,,,,,,,-0.0002807805607575174,-0.002296488818668289,,,,,,0.0025772693794258064,1.0025805933931657,125
,-0.0004212003900465766,,,,,-0.0012457243988178803,,,,,,,,,,-0.002296771875697846,,,,,0.003963696664562303,1.0039715624993473,126
,,-0.0012455692030100707,,,,,,-0.0012455692030100707,-0.0012455692030100707,,,,-0.0012455692030100707,,,-0.0012455692030100707,,-0.0007018034911769887,,,0.0069296495062273426,1.006953715083924,127
,,,-0.002296488818668289,,-0.0002807805607575174,,,,,,,,,,,,,,,,0.0025772693794258064,1.0025805933931657,128
-0.028518807768044746,-0.002296771875697846,,-0.05042861181641054,,-0.017122812784627347,,,,,,-0.0012457243988178803,,,,,,,,-0.0012457243988178803,,0.10085845304241625,1.1061200627524388,129
,,,,,,,,,,,,,,-0.002296771875697846,-0.0002808199851526924,,,,,,0.002577591860850538,1.002580916706836,130
,,,,,,,,,,-0.000421141261763016,,-0.0012455692030100707,,-0.0012455692030100707,,,,,-0.0012455692030100707,,0.004157848870793228,1.0041665047168182,131
,,-0.004203678462632874,,,,-0.2722260226086603,,-0.12766784556930355,,-0.0012455692030100707,,,,,,,,,,,0.4053431158436068,1.4998170227642944,132
,,-0.005460969215063598,,,,,,-0.0012455692030100707,,,-0.0012455692030100707,,,,-0.0164987688578594,-0.013700320452901864,,-0.0012455692030100707,,,0.03939676613485507,1.0401831112190019,133
,-0.0012457243988178803,,,,,,,,,,,,,-0.0004212003900465766,-0.002296771875697846,,,,,,0.003963696664562303,1.0039715624993473,134
,,,,-0.0012455692030100707,,,,-0.0012455692030100707,,,,,,,,,,-0.0002807805607575174,,,0.0027719189667776587,1.0027757642863073,135
-0.0012455692030100707,,,,,,,,,,,,,,-0.0001404001392467304,,,,,,,0.0013859693422568012,1.00138693024164,136
,,,-0.02590890593945044,,-0.09519891566458313,,-0.0012455692030100707,,,,,,,,,,,,,,0.12235339080704365,1.1301534170471241,137
,,,,,,,,,,,,,-0.0012455692030100707,,-0.002296488818668289,,,-0.000421141261763016,,,0.003963199283441376,1.0039710631429704,138
,-0.10177607412275429,-0.005098557457904805,,,,-0.005098557457904805,,-0.044046307985100626,,,,,,,-0.06307868041267567,,,,,,0.2190981774363402,1.2449534970304943,139
,-0.0012455692030100707,,,,,,,,,-0.0012455692030100707,,,,,,,-0.0002807805607575174,,,,0.0027719189667776587,1.0027757642863073,140
,,,,,,,,,,-0.0007018034911769887,,,-0.002296488818668289,-0.0012455692030100707,,,,,-0.002296488818668289,,0.006540350331523637,1.0065617851276312,141
,-0.0002808199851526924,,,,,-0.002296771875697846,,,,,,,,,,,,,,,0.002577591860850538,1.002580916706836,142
-0.0012455692030100707,,,,,,,,,,,,,,,,-0.0001404001392467304,,,,,0.0013859693422568012,1.00138693024164,143
,,,,,-0.0012455692030100707,,,,,,,,,,,,,,-0.0001404001392467304,,0.0013859693422568012,1.00138693024164,144
,-0.04745142221663619,,,,-0.0012455692030100707,,,,,,-0.012972498819982614,-0.0012455692030100707,,,,-0.014411881330565238,,,,,0.07732694077320419,1.0803952439134343,145
-0.0032743397649125186,,,,,,,,,-0.0012457243988178803,,-0.0012457243988178803,,,,,-0.0007019020106129686,,,,,0.006467690573161248,1.0064886512485243,146
-0.004203678462632874,,,,,,,,,-0.0012455692030100707,,,-0.00509794015122411,,-0.0032739391639299126,-0.13096089553191193,-0.04189467893873224,,,,,0.18667670145144113,1.205237570499034,147
,-0.0012455692030100707,,,,,,,,-0.0012455692030100707,,-0.000421141261763016,,,,,-0.0012455692030100707,,,,,0.004157848870793228,1.0041665047168182,148
,,,,,-0.00014041985421366288,,-0.0012457243988178803,,,,,,,,,,,,,,0.0013861442530315432,1.0013871053950192,149
-0.007629672127288065,,,,-0.0012457243988178803,,,,,,,,,,-0.0012457243988178803,-0.0014033106621532444,,,,,,0.011524431587077071,1.0115910936835821,150
,,,,,,,,,-0.0012455692030100707,-0.018774550972788205,,,-0.06262222768757646,-0.0032739391639299126,-0.0012455692030100707,,,,-0.01918412816677263,,0.10634598439708735,1.1122066160812496,151
,,,-0.0012455692030100707,,,,,,-0.3677098275740405,,,,,,,,,,-0.29598891099701663,,0.6649443077740672,1.944382231346876,152
,,,,,,,,,-0.049647270035085116,,,,,,,,,,-0.1517108106901085,,0.20135808072519362,1.223062648581196,153
,,,,,,-0.0012455692030100707,,,-0.0002807805607575174,-0.0012455692030100707,,,,,,,,,,,0.0027719189667776587,1.0027757642863073,154
-0.00509794015122411,,,,-0.0012455692030100707,,,,,,,,,-0.0012455692030100707,,-0.0009823868053181009,,,,,,0.008571465362562352,1.0086083055547093,155
,,,,,,-0.0012455692030100707,,,,-0.0012455692030100707,,,,-0.0002807805607575174,,,,,,,0.0027719189667776587,1.0027757642863073,156
,,-0.0012455692030100707,,,,,-0.0032739391639299126,,,,,,,,-0.0005614822394932142,,,,,,0.005080990606433198,1.0050939207292064,157
-0.0059639295658042695,,,-0.0012455692030100707,,,,,,-0.0032739391639299126,,,-0.002296488818668289,,,,,,,-0.0016834996907474523,,0.014463426442159994,1.0145685278920966,158
-0.059831428227220367,,,-0.0012455692030100707,,,,-0.0012455692030100707,,,,,,,-0.0012455692030100707,-0.15364407716003897,-0.04234370822108892,,,-0.0032739391639299126,,0.2628298603813084,1.3006054156165443,159
,-0.0012455692030100707,-0.03313358948609944,-0.01227942703649203,,-0.027326728474327357,,-0.002296488818668289,,,,,,,,,,,,-0.0012455692030100707,,0.07752737222160726,1.080611810799702,160
,,,,,,,,,-0.0012457243988178803,-0.0005615610661240251,,-0.0012457243988178803,,,-0.0012457243988178803,,-0.0012457243988178803,,,,0.005544458661395546,1.0055598576187927,161
,,,-0.00014041985421366288,,,,-0.0012457243988178803,,,,,,,,,,,,,,0.0013861442530315432,1.0013871053950192,162
,,,,,,,,,,-0.004203678462632874,,,,-0.0005614822394932142,,,,,,,0.004765160702126087,1.0047765321354456,163
,,-0.0012455692030100707,,-0.0012455692030100707,,,,,,,,,,,,,,-0.0002807805607575174,,,0.0027719189667776587,1.0027757642863073,164
,,-0.008433512156488842,-0.001543316599038553,,,,-0.0012455692030100707,,,,,,,,,,,-0.0012455692030100707,,,0.012467967161547536,1.012546016298175,165
,-0.15555874768308361,-0.017179844137658003,,,-0.0032739391639299126,-0.0012455692030100707,,,-0.002296488818668289,,-0.055085424493783765,,,,,,,,,,0.23464001350013364,1.2644535006026922,166
,,,,-0.0012455692030100707,,,,,,,,,-0.0012455692030100707,-0.0012455692030100707,-0.0007018034911769887,-0.002296488818668289,,,,,0.00673499991887549,1.0067577310335267,167
,,,,,,,,,,-0.0005614822394932142,,,-0.002296488818668289,-0.002296488818668289,,,,,,,0.005154459876829793,1.0051677669589234,168
,-0.010759961607497426,,,,,-0.0012455692030100707,,-0.003643988144283995,,-0.00922263236568896,,,,,,,,-0.0032739391639299126,,,0.02814609048441036,1.0285459342198935,169
,,,,,,,,,,-0.015810670150063797,,,,,-0.0028042532542778644,,-0.0012455692030100707,,,,0.019860492607351732,1.0200590243251095,170
,-0.017258383598540865,,,,,,-0.0012455692030100707,,,,-0.024286247508174093,-0.0059639295658042695,,,-0.052851006967780056,,,,,,0.10160513684330935,1.1069462931131642,171
-0.0012455692030100707,,,,,,,-0.0012455692030100707,,-0.30704788635146585,-0.01918412816677263,,-0.002296488818668289,,,,,,,-0.16408307376212772,,0.4951027155050546,1.640666752316524,172
,,,,,,,,,,-0.0032739391639299126,,,-0.0009823868053181009,-0.002296488818668289,-0.0012455692030100707,,,-0.0012455692030100707,,,0.009043953193936444,1.009084973306695,173
,,,,,,,,-0.002296771875697846,,-0.0068072255391781605,,,,-0.029323475944869507,-0.024289027007138992,-0.08954963077643428,,,,,0.15226613114331877,1.1644700969567792,174
,-0.08762300222354256,-0.11257354493918297,-0.011511880792693111,,,,-0.3578728985093418,,-0.0012457243988178803,,,,,,-0.3510144418509253,,,,,,0.9218414927145037,2.5139154871423317,175
,-0.00509794015122411,,,,-0.006806407751120032,,-0.0016834996907474523,,,,,,,,,,,,,,0.013587847593091595,1.0136805819382197,176
,-0.024902611342073996,-0.02551471967614899,,,-0.008433512156488842,,,,,,-0.015048716375614127,-0.020490596808652384,,,-0.0059639295658042695,,,,,,0.10035408592478262,1.105562312831815,177
-0.005964648764011293,-0.0012457243988178803,,,-0.0009825246937332792,,,,,,,,,,,,,,,,,0.008192897856562452,1.0082265514883462,178
,,,,,,,,,,-0.3452770882923546,-0.002296488818668289,-0.01918412816677263,,-0.0012455692030100707,-0.2937708714900502,-0.25897982761315225,,,-0.0032739391639299126,,0.9240279127479379,2.5194179755091572,179
-0.002296488818668289,-0.0059639295658042695,,,,,,-0.0011226488622297411,,,,,,,,,,,,,,0.0093830672467023,1.0094272262296862,180
,,,,,,,,,-0.1969709336451876,-0.2704094489569615,,-0.15583077430306866,,-0.002296488818668289,,-0.0076287585758583396,,,-0.11658301252749328,,0.7497194168272376,2.116406105355924,181
-0.11222349384222478,,-0.0012455692030100707,,,,,,,,,,-0.002296488818668289,,-0.0012455692030100707,,-0.03285288621023888,,,,,0.1498640072771521,1.1616762524691229,182
-0.0032739391639299126,-0.0032739391639299126,,,,-0.0032739391639299126,,-0.0012455692030100707,,-0.3140242211970988,,,-0.0012455692030100707,,,,-0.0032739391639299126,,,-0.17044238414357102,,0.5000535004024096,1.6488094803111757,183
,,,,,,,,,,,,,-0.017179844137658003,-0.012979978228170836,-0.00727460010896234,,,-0.013700320452901864,,,0.051134742927693044,1.0524646959039587,184
-0.015810670150063797,,,,,,,,,,,,,-0.0012455692030100707,,-0.003224209704071261,,,-0.0012455692030100707,-0.002296488818668289,,0.023822507078823486,1.0241085297434982,185
-0.019840171436989334,,,,,,,,,-0.0285155723800358,,,,,,,-0.01227942703649203,,,-0.01918412816677263,,0.0798192990202898,1.0830913343256587,186
,-0.002296488818668289,,,-0.23384155744306842,,,,-0.03256752506290886,,-0.002296488818668289,,,-0.04745142221663619,,,,-0.002296488818668289,-0.1129047091140992,,,0.4336546802927176,1.5428859871771752,187
,,,,-0.0001404001392467304,,,,,,,,,,,,,-0.0012455692030100707,,,,0.0013859693422568012,1.00138693024164,188
-0.004203678462632874,,,,,,,,,,-0.0076287585758583396,,,-0.0059639295658042695,-0.20676254416464485,-0.08187267880983125,,,,,,0.3064315895787716,1.3585685240531382,189
,,,,,,,,,,,,,,,,0.0,,,,,-0.0,1.0,190
,,-0.003224209704071261,,,,,,-0.008433512156488842,,,,,,,-0.012250268390777098,,,,,,0.023907990251337198,1.024196077531497,191
,-0.0012455692030100707,-0.0012455692030100707,,,,,,-0.0002807805607575174,,,,,,,,,,,,,0.0027719189667776587,1.0027757642863073,192
,,-0.0012455692030100707,-0.044308098100853704,,-0.13762524230129927,,-0.0032739391639299126,,,,,,,,,,,-0.004203678462632874,-0.0012455692030100707,,0.1919020964347359,1.2115518959081713,193
,,,,,,,,,,,,,-0.0012455692030100707,,,,,-0.0001404001392467304,,,0.0013859693422568012,1.00138693024164,194
,,,,,,,,,,,,,,-0.0012455692030100707,-0.002296488818668289,-0.000421141261763016,,,,,0.003963199283441376,1.0039710631429704,195
,,,,,,,,,-0.008945742077295612,-0.0076287585758583396,,-0.002296488818668289,,,,,,,-0.037015702068627664,,0.05588669154044991,1.057477855761133,196
-0.002296488818668289,-0.0012455692030100707,,,-0.0012455692030100707,,,,,,,,,,,,,-0.0005614822394932142,,,,0.005349109464181644,1.0053634414933472,197
,-0.002296488818668289,,,,,,,,-0.0012455692030100707,-0.16251319048892013,,-0.05548196139030976,,,,-0.0012455692030100707,,,,,0.22278277910391833,1.2495491160752212,198
,,,,,,,,,,-0.002296488818668289,,,,-0.0007018034911769887,-0.0032739391639299126,,,,,,0.006272231473775191,1.0062919431080333,199
,,,-0.012250268390777098,,-0.01629228552255579,,,,,,,,,,,,,,-0.06126511263516329,,0.08980766654849617,1.0939638576253143,200
,-0.0012455692030100707,-0.2703935359273469,-0.010759961607497426,,-0.28427793122905376,-0.014411881330565238,,,-0.012250268390777098,,-0.30147732958242424,,,,-0.03592030434615661,,,,,,0.9307367816168313,2.536377245482138,201
-0.31915169107704,,,,,,-0.0032739391639299126,,,,-0.17938209063364235,,,,-0.26198812525796505,-0.002296488818668289,-0.02551471967614899,,,-0.15474042921121503,,0.9463474838386096,2.576282539830169,202
,-0.157531851961637,,,,,,-0.3002808904785972,,,,-0.0032739391639299126,,,,-0.02366549514742065,,,,,,0.4847521767515848,1.6237725503888834,203
,,,,,,-0.0059639295658042695,,,,-0.006577446627838268,,,-0.0012455692030100707,-0.02672666348128869,-0.002296488818668289,,,,-0.002296488818668289,,0.04510658651527788,1.0461393583151959,204
,-0.03701983534062125,,,,-0.018524380318103977,,-0.010754414749936984,,,,,,,,,,,,,,0.06629863040866221,1.0685457697841203,205
-0.005964648764011293,,,,,,,,,,,-0.002296771875697846,-0.11324956646183645,,,,-0.03394201445731637,,,-0.0012457243988178803,,0.15669872595767984,1.1696431776854241,206
,,,,,,,,,,,,,-0.0059639295658042695,-0.029104545968681755,-0.006995798276770994,,-0.0012455692030100707,-0.0032739391639299126,,,0.046583782178197,1.0476858527943587,207
,-0.0032739391639299126,,,-0.000421141261763016,,,,,,,,,,,,,,,,,0.0036950804256929287,1.0037019156516793,208
,,-0.09520861666479705,-0.025775792220501574,,,,,,,,,,,,,,,,,,0.12098440888529863,1.1286073159840544,209
,,,,,,,,,-0.0002807805607575174,,,,,,,-0.0012455692030100707,,,-0.0012455692030100707,,0.0027719189667776587,1.0027757642863073,210
,,,,,,,,,,-0.0032739391639299126,,,-0.0005614822394932142,,-0.0012455692030100707,,,,,,0.005080990606433198,1.0050939207292064,211
-0.08725315588545347,,,,-0.0012460349129237074,,,,,-0.05806893355092843,,,,,,-0.0012460349129237074,-0.08535057763874573,,,-0.15478350381174513,,0.38794824071272016,1.4739534915315242,212
,,-0.15067028773139257,,,,,,-0.01151052072211323,,,-0.0032739391639299126,,,,-0.22726952620588306,-0.15610242946760142,,-0.052851006967780056,,,0.6016777102587003,1.8251783535987505,213
,,,,,,,,,-0.002296488818668289,,,,,,-0.0002807805607575174,,,,,,0.0025772693794258064,1.0025805933931657,214
,-0.268746438367856,,,,,,,,,,-0.36590523114934076,,,,-0.002296771875697846,,,,,,0.6369484413928946,1.890702477803959,215
,-0.0012455692030100707,,,,,,-0.0001404001392467304,,,,,,,,,,,,,,0.0013859693422568012,1.00138693024164,216
,,,,,,,,,,,-0.0001404001392467304,-0.0012455692030100707,,,,,,,,,0.0013859693422568012,1.00138693024164,217
,-0.10737471486053883,,,,,,-0.0012455692030100707,,-0.0012455692030100707,,-0.247408042921201,,,,,,,,,,0.35727389618775995,1.4294273309382044,218
-0.0012628911820036733,,,,,-0.002296488818668289,,-0.0012455692030100707,,,,,,,,,-0.0012455692030100707,,,-0.00509794015122411,,0.011148458557916213,1.0112108342039514,219
,,,,,,,,,,-0.0032739391639299126,,,-0.015810670150063797,-0.002296488818668289,-0.020700701253627503,-0.07095321058929062,,,,,0.11303500997558012,1.1196711319213908,220
,-0.04234370822108892,-0.0164987688578594,,,-0.0012455692030100707,-0.0012455692030100707,,,,,-0.012002058571919319,,,,,,,,,,0.07333567405688778,1.0760916923600132,221
,-0.002296771875697846,,,,-0.05618724445412775,,-0.013251435751233226,,,,,,,,,,-0.0012457243988178803,,,,0.0729811764798767,1.0757102880698723,222
,-0.0032739391639299126,-0.042863827380825,-0.01151052072211323,,,,-0.3196390244921634,,,,,,,,-0.36478737736642175,,,,-0.002296488818668289,,0.7443711779441216,2.105117274521279,223
,-0.16225016759869673,,,,-0.11154393515638412,-0.009997688079392428,,,,,-0.08684190732329317,-0.0012455692030100707,,,,-0.0032739391639299126,,,,,0.37515320652470646,1.4552143458731381,224
-0.0012455692030100707,,-0.0012455692030100707,,,,,,,-0.041821395065867725,,,-0.002296488818668289,,,,-0.022348546253763403,,,-0.057118648366661834,,0.1260762169109814,1.134368623060689,225
,,,,-0.0002807805607575174,,,,,,,,,,,-0.0012455692030100707,,-0.0012455692030100707,,,,0.0027719189667776587,1.0027757642863073,226
,-0.0012455692030100707,,,,,,-0.0001404001392467304,,,,,,,,,,,,,,0.0013859693422568012,1.00138693024164,227
,,,,-0.0012455692030100707,,,,,,-0.004203678462632874,,,-0.0007018034911769887,,,,,,,,0.006151051156819933,1.0061700077196516,228
-0.0012455692030100707,-0.0012455692030100707,,,,-0.0032739391639299126,,-0.0032739391639299126,,-0.008433512156488842,,,-0.0012455692030100707,,,,,,,-0.0025241834306731115,,0.02124228152405199,1.0214695048480549,229
,,-0.0012455692030100707,-0.0007018034911769887,,,,-0.0032739391639299126,-0.0012455692030100707,,,,,,,,,,,,,0.006466881061127043,1.0064878364841785,230
,,,,,-0.0002807805607575174,,-0.0012455692030100707,,,,-0.0012455692030100707,,,,,,,,,,0.0027719189667776587,1.0027757642863073,231
,-0.0001404001392467304,,,,,,-0.0012455692030100707,,,,,,,,,,,,,,0.0013859693422568012,1.00138693024164,232
,,,-0.0012455692030100707,,,,-0.0002807805607575174,,,,,,,,-0.0012455692030100707,,,,,,0.0027719189667776587,1.0027757642863073,233
,,,,,,,,,,-0.0009825246937332792,,,-0.0032743397649125186,,-0.0012457243988178803,,-0.0032743397649125186,,,,0.008776928622376197,1.008815558795778,234
,,-0.0012455692030100707,,-0.002296488818668289,,,,,,,,,,,,,,-0.0005614822394932142,-0.0012455692030100707,,0.005349109464181645,1.0053634414933472,235
,-0.019840171436989334,,,,,-0.0012455692030100707,,,,,-0.003643988144283995,,,,,,,,,,0.0247297287842834,1.0250380448047944,236
,,,,,,,,,,,,,,,0.0,,,,,,-0.0,1.0,237
,,,,,,,,,-0.0076287585758583396,-0.001543316599038553,,,,,-0.0012455692030100707,,-0.002296488818668289,,,,0.012714133196575252,1.0127953014177962,238
,-0.087280167208551,-0.002298188271002187,,,,,,,-0.0012465009905544865,,-0.023602163903307063,,,,,-0.002298188271002187,,,,,0.11672520864441692,1.1238105738260193,239
,-0.0012455692030100707,,,,,,-0.0001404001392467304,,,,,,,,,,,,,,0.0013859693422568012,1.00138693024164,240
-0.0050419630201626545,,,,,,,,,,,,,,,-0.02672666348128869,,,,,,0.03176862650145135,1.032278635752711,241
,,,,0.0,,,,,,,,,,,,,,,,,-0.0,1.0,242
,-0.04993234834292129,-0.0012455692030100707,,,,,,,,,-0.011169474326345233,,,,,,,,,,0.06234739187227659,1.0643320208065152,243
,,,,,,,,,-0.00509794015122411,-0.003923741506386157,,-0.015115178026811015,-0.002296488818668289,,,,,,-0.0032739391639299126,,0.029707287667019484,1.030152951343481,244
,-0.01151052072211323,-0.0012455692030100707,,,,-0.0012455692030100707,,,,,-0.0035040817810329293,-0.00509794015122411,,,-0.0012455692030100707,-0.004203678462632874,,,,,0.028052928726033356,1.0284501175353846,245
,,,,,,,,,,0.0,,,,,,,,,,,-0.0,1.0,246
,-0.0012455692030100707,,,-0.000421141261763016,,,,,,,,,,,-0.0012455692030100707,,,-0.0012455692030100707,,,0.004157848870793228,1.0041665047168182,247
-0.0012455692030100707,,,,,,,-0.000421141261763016,,,,,,,,-0.0012455692030100707,,,,-0.0012455692030100707,,0.004157848870793228,1.0041665047168182,248
,,,,,,,,,-0.0076287585758583396,,,,,,,,,,-0.0011226488622297411,,0.00875140743808808,1.0087898129565227,249
,-0.0012455692030100707,,,,,-0.0012455692030100707,,-0.0012455692030100707,,-0.21780636322567298,,,,-0.184853173556438,-0.3108493072510343,-0.0012455692030100707,,,,,0.7184911208451856,2.051335656702363,250
,,,,,-0.0012455692030100707,,-0.0001404001392467304,,,,,,,,,,,,,,0.0013859693422568012,1.00138693024164,251
,,,,,,,,,-0.04338178630153688,-0.00950215304076567,,,-0.0012455692030100707,-0.0012455692030100707,,,,,,,0.05537507774832269,1.05693697387837,252
,-0.007137206155012882,,,,,,-0.0012458796354502838,,-0.0012458796354502838,,-0.031433262401890656,,,,-0.0012458796354502838,-0.004204701484992209,,,,,0.0465128089482466,1.0476114977840514,253
,-0.004203678462632874,,,,,,,,-0.002296488818668289,-0.0009823868053181009,,,,,,,,,-0.0012455692030100707,,0.008728123289629333,1.0087663244182106,254
,-0.0012455692030100707,,,,,,,,-0.08170503623707422,-0.04694964375966319,,-0.03502047571218912,,,,-0.0059639295658042695,,,-0.01852223278600073,,0.1894068872637416,1.208532588974076,255
,,-0.0012455692030100707,-0.0001404001392467304,,,,,,,,,,,,,,,,,,0.0013859693422568012,1.00138693024164,256
,-0.002296488818668289,,,,-0.002296488818668289,,-0.0005614822394932142,,,,,,,,,,,,,,0.005154459876829793,1.0051677669589234,257
-0.002296488818668289,,,,,,,,,,,,,,,,-0.0002807805607575174,,,,,0.0025772693794258064,1.0025805933931657,258
,,,,-0.002296488818668289,,,-0.0012455692030100707,,,-0.0012455692030100707,,-0.0012455692030100707,,,,,-0.0007018034911769887,,,,0.00673499991887549,1.0067577310335267,259
-0.25322507221289825,,,,,,,-0.0012455692030100707,,-0.02672666348128869,,,,-0.0012455692030100707,,,,,,-0.11620093863555907,,0.3986438127357662,1.4898028752806132,260
-0.15979999908532946,,,,,,,,,,,,,,,-0.28528386469219497,-0.09295670630869872,,,-0.002296488818668289,,0.5403370589048914,1.7165853550662242,261
,,,,,,,,,-0.3194531298109024,-0.0059639295658042695,,-0.36355311246458816,,,,-0.0032739391639299126,,,-0.0059639295658042695,,0.698208040571029,2.010147375587702,262
,-0.06706164364459949,,-0.0012455692030100707,,,-0.055085424493783765,,-0.022410248944353582,,-0.0012455692030100707,,,,-0.11987082549680193,,,,,,,0.26691928098555895,1.3059350282876838,263
-0.05042310844328943,-0.0012455692030100707,,,,,,,-0.0012455692030100707,-0.012979978228170836,,,-0.006806407751120032,,-0.009997688079392428,-0.0012455692030100707,-0.016154191311782917,,,,,0.10009808142278584,1.1052793201277409,264
-0.0012455692030100707,-0.0012455692030100707,,,,,,,,,-0.26110009384876437,,,,-0.056650663644152686,-0.13065129088859626,-0.010759961607497426,,,,,0.4616531483950309,1.5866948601112496,265
-0.0012457243988178803,-0.002296771875697846,-0.15420732584914196,-0.09907084278420152,,-0.11659451362399584,,-0.06794186500532823,-0.005098557457904805,,,,,,,,,,,-0.0012457243988178803,,0.44770132539390595,1.5647112863282533,266
-0.0012455692030100707,,-0.0032739391639299126,-0.2469132966436163,,-0.10774478680967609,,-0.002296488818668289,,,,-0.002296488818668289,,,,,,,,,,0.3637705694575689,1.4387440844528603,267
-0.22582845772346175,,-0.0012460349129237074,,,,,,,-0.252327275515537,,,,-0.0012460349129237074,-0.005099792549985794,-0.0012460349129237074,-0.20400477574016146,,,-0.07182815047730731,,0.7628265567452244,2.144328729421309,268
,-0.0068072255391781605,-0.002296771875697846,,,-0.0012457243988178803,-0.0012457243988178803,,,-0.0012457243988178803,,-0.0018239188964328864,,,,,,,-0.0012457243988178803,,,0.015910813906580414,1.0160380648993363,269
,-0.0059639295658042695,,,,,,-0.010759961607497426,,,-0.002296488818668289,,,,,,,-0.0028042532542778644,,,,0.021824633246247848,1.0220645326142799,270
-0.002296488818668289,-0.0012455692030100707,,,-0.0005614822394932142,,,,,,,,,,,,,,,-0.0012455692030100707,,0.005349109464181645,1.0053634414933472,271
,,,,,,,,,,-0.00510102828078205,,,,-0.2770329580299707,-0.36708474541758457,-0.0012463455904593607,,,,,0.6504650773187967,1.9164319108016024,272
-0.0032739391639299126,,,,,,,,-0.010759961607497426,,-0.0012455692030100707,,,,-0.026728585598912946,-0.08992323709185263,-0.00509794015122411,,,,,0.1370292328164271,1.1468616740271573,273
,,-0.030272046940927114,-0.013388102203028027,,-0.00509794015122411,,-0.031998408008008024,,-0.0012455692030100707,,,,,,,,,,-0.0032739391639299126,,0.08527600567012726,1.0890176002545466,274
,-0.04645104443161873,,,,,-0.024270725371453538,,,,,-0.060816560080210795,,,,-0.0012457243988178803,,,,,,0.13278405428210094,1.1420033609660842,275
,,,,,,,,,,-0.017120429757671314,,,,,,,-0.0012455692030100707,,-0.06966646783638653,,0.08803246679706792,1.0920235759604906,276
-0.0012455692030100707,,,,,,,-0.0012455692030100707,,-0.002296488818668289,,,,,,,,,-0.0012455692030100707,-0.0007018034911769887,,0.00673499991887549,1.0067577310335267,277
,,-0.0007018034911769887,-0.002296488818668289,,,,,,,,-0.0012455692030100707,,,,,,,-0.002296488818668289,,,0.006540350331523637,1.0065617851276312,278
,,,,,,,,,-0.1986511744043953,-0.1323157575516106,,-0.1666747491576285,,,,,,,-0.03256752506290886,,0.5302092061765432,1.699287772932411,279
,,,,,,,,-0.000421141261763016,,,,,,-0.0012455692030100707,,,,-0.002296488818668289,,,0.003963199283441376,1.0039710631429704,280
,,-0.01151052072211323,-0.0022440345473842107,,-0.0012455692030100707,,-0.002296488818668289,,,,,,,,,,,,,,0.0172966132911758,1.0174470658952641,281
,,,,,,,,,-0.0032739391639299126,-0.16744539006126397,,,-0.05798898808925659,,,,,-0.0012455692030100707,,,0.22995388651746054,1.2585419728380522,282
,-0.3265288522386613,,,-0.0012455692030100707,,-0.0012455692030100707,,-0.36052805100778923,,,,,,-0.0012455692030100707,,,,-0.0012455692030100707,,,0.6920391800584909,1.9977852262089102,283
-0.002296488818668289,,,,,,,,,,-0.008433512156488842,,,,,-0.0016834996907474523,-0.0012455692030100707,,,,,0.013659069868914653,1.0137527811472886,284
,,-0.004203678462632874,-0.0009823868053181009,,-0.0032739391639299126,,,,,,,,,,,,,,,,0.008460004431880887,1.0084958913992885,285
,,,,,-0.0001404001392467304,,-0.0012455692030100707,,,,,,,,,,,,,,0.0013859693422568012,1.00138693024164,286
,,-0.0012455692030100707,,,,,,,-0.13124626027004113,-0.2761911471272666,,-0.00509794015122411,,,,,,,,,0.41378091675154194,1.5125257215345898,287
,,,-0.0012455692030100707,,-0.0002807805607575174,,,,,,-0.0012455692030100707,,,,,,,,,,0.0027719189667776587,1.0027757642863073,288
,,,,,,,,-0.0002807805607575174,,,,,,,,,,-0.002296488818668289,,,0.0025772693794258064,1.0025805933931657,289
,-0.0012455692030100707,,,,,,,,-0.0032739391639299126,-0.0018236630342147687,,,-0.008433512156488842,,,,,,,,0.014776683557643593,1.0148863984876182,290
-0.0012455692030100707,,,,,,,,,-0.0059639295658042695,,,,-0.0012455692030100707,,,,,,-0.0011226488622297411,,0.009577716834054152,1.0096237299467967,291
-0.007629672127288065,,,,,-0.004204189907519862,,,,-0.00843451900011419,-0.005098557457904805,,-0.0012457243988178803,,,,,-0.0012457243988178803,,-0.003924291428003013,,0.0317826787184657,1.0322931416580396,292
-0.0285155723800358,,,,,-0.005879796998272925,,,,,,-0.0032739391639299126,,,,,,,,,,0.037669308542238635,1.0383877901227976,293
,-0.0012455692030100707,,-0.015810670150063797,,-0.0029442585117416555,,,,,,,,,,,,,,-0.0012455692030100707,,0.021246067067825593,1.0214733716728979,294
,,,,,,,,,,-0.0004223864522147849,,,-0.0012488369100383174,,-0.0012488369100383174,,,,-0.0012488369100383174,,0.004168897182329738,1.004177599122484,295
-0.002296488818668289,,,,,,,,,-0.09030522923277313,,,,-0.002296488818668289,,,,,,-0.02454115375866914,,0.11943936062877884,1.1268649096157775,296
,-0.3437547211271706,-0.0032811659611502943,,,-0.006821160184306989,-0.001248368987144145,,,,,-0.21183098161058775,,,,,,,,,,0.5669363978703598,1.7628580744364808,297
,-0.06092777703850633,,,,-0.001248368987144145,,,,,-0.0023015951869684854,-0.014809292650213971,-0.001248368987144145,,,,,,,,,0.08053540284997708,1.083867217951532,298
,-0.000421141261763016,,,,,,-0.002296488818668289,,,,-0.0012455692030100707,,,,,,,,,,0.003963199283441376,1.0039710631429704,299
,,,,,-0.0005614822394932142,,-0.002296488818668289,,,,-0.002296488818668289,,,,,,,,,,0.005154459876829793,1.0051677669589234,300
,,-0.04234370822108892,-0.004203678462632874,,-0.015048716375614127,,-0.0285155723800358,,,,-0.0012455692030100707,,,,,,,,,,0.09135724464238179,1.0956603541420447,301
,,,,-0.0002808199851526924,,,-0.002296771875697846,,,,,,,,,,,,,,0.002577591860850538,1.002580916706836,302
,-0.0012455692030100707,,,,,,,,-0.0012455692030100707,-0.0002807805607575174,,,,,,,,,,,0.0027719189667776587,1.0027757642863073,303
,,-0.0012455692030100707,-0.0002807805607575174,,,,-0.0012455692030100707,,,,,,,,,,,,,,0.0027719189667776587,1.0027757642863073,304
-0.006856367577739139,,,,,,,,,,,,,,-0.0012455692030100707,,-0.0285155723800358,,,-0.008433512156488842,,0.04505102131727385,1.0460812309895544,305
,,,,,,,,,-0.004204189907519862,-0.0005615610661240251,,,,,,,,,,,0.004765750973643887,1.0047771252265894,306
,,,-0.0032743397649125186,,-0.0008422232207405589,,-0.0012457243988178803,,,,-0.0012457243988178803,,,,,,,,-0.0012457243988178803,,0.007853736182106719,1.0078846576648308,307
-0.002296771875697846,,-0.0032743397649125186,,,,,,,,,,,,-0.002296771875697846,-0.088882858996319,-0.22006625773461302,,,,,0.31681700024724024,1.372751335783035,308
,,,,,,,,,-0.0009825246937332792,,,,-0.002296771875697846,,,,,,-0.005098557457904805,,0.00837785402733593,1.0084130464567476,309
,-0.002296488818668289,,,-0.0012455692030100707,,,,,-0.02304021264606389,-0.002296488818668289,,-0.009363080150372786,,,,-0.0012455692030100707,,,-0.02366549514742065,,0.06315290398721404,1.0651896985321148,310
-0.002296771875697846,,-0.002296771875697846,,,,,,,-0.0032743397649125186,,,,,,,-0.0009825246937332792,,,,,0.00885040821004149,1.008889688870559,311
,,,,,,,,,,,,,,,-0.009997688079392428,-0.001543316599038553,,,,,0.01154100467843098,1.0116078590141169,312
,-0.004203678462632874,-0.002296488818668289,,,,,,,,,-0.0009823868053181009,,,,,-0.0012455692030100707,,,,,0.008728123289629335,1.0087663244182106,313
-0.0012455692030100707,,,,,,,,,,,,,,-0.0032739391639299126,-0.0008421050140427705,-0.002296488818668289,,,,,0.007658102199651042,1.007687500461349,314
,,,,,,,,,-0.013701928879072811,-0.002296771875697846,,,,,,,,,-0.0025245374517044897,,0.018523238206475147,1.0186958575591953,315
,,,,,,,-0.0012455692030100707,,-0.0012455692030100707,,,,,,-0.000421141261763016,-0.0012455692030100707,,,,,0.004157848870793228,1.0041665047168182,316
,,,,,,,,,,-0.002296488818668289,,,-0.0005614822394932142,,-0.002296488818668289,,,,,,0.005154459876829793,1.0051677669589234,317
,-0.0008421050140427705,,,,,,-0.0032739391639299126,,-0.0012455692030100707,,-0.002296488818668289,,,,,,,,,,0.007658102199651044,1.007687500461349,318
,-0.0002807805607575174,,,-0.0012455692030100707,,,-0.0012455692030100707,,,,,,,,,,,,,,0.0027719189667776587,1.0027757642863073,319
,,,,,,,,,,-0.0007018034911769887,,,-0.004203678462632874,-0.0012455692030100707,,,,,,,0.006151051156819933,1.0061700077196516,320
,,-0.006808043537563899,-0.0012458796354502838,,,,-0.0012458796354502838,,-0.0012458796354502838,,,,,,-0.0016839721846287057,-0.002297055006698336,,,,,0.014526709635241794,1.014632735059738,321
,-0.0012457243988178803,-0.040774568792071,,,,,,-0.09832111125769083,,-0.002296771875697846,,,,-0.0032743397649125186,,,,-0.22295269076661536,,,0.3688652068558054,1.4460926671595788,322
,,,,,,,,,,0.0,,,,,,,,,,,-0.0,1.0,323
,-0.0001404001392467304,,,,,,,,,,,,,,,-0.0012455692030100707,,,,,0.0013859693422568012,1.00138693024164,324
,-0.002296488818668289,-0.0012455692030100707,,,-0.0012455692030100707,,,,-0.0012455692030100707,,-0.0007018034911769887,,,,,,,,,,0.00673499991887549,1.0067577310335267,325
,,,,,,,,,,-0.000421141261763016,,,-0.0012455692030100707,-0.002296488818668289,,,,,,,0.003963199283441376,1.0039710631429704,326
,,,,,,,-0.0012455692030100707,,-0.0012455692030100707,,,,,,,,,,-0.0002807805607575174,,0.0027719189667776587,1.0027757642863073,327
,,,,,,,,,,-0.0012455692030100707,,,,-0.0001404001392467304,,,,,,,0.0013859693422568012,1.00138693024164,328
,-0.0032739391639299126,,,,,,-0.000421141261763016,,,,,,,,,,,,,,0.0036950804256929287,1.0037019156516793,329
,,,,,,,,,-0.0012457243988178803,-0.002296771875697846,,,-0.0008422232207405589,,-0.0012457243988178803,,,-0.002296771875697846,,,0.007927215769772011,1.0079587193348674,330
,-0.004204189907519862,,,,,,-0.0007019020106129686,,,,,,,,,,,,-0.0012457243988178803,,0.006151816316950711,1.0061707776011208,331
,-0.0032739391639299126,,,,-0.002296488818668289,,,,,,-0.0007018034911769887,,,,,,,,,,0.006272231473775191,1.0062919431080333,332
-0.0005614822394932142,,,,,,,-0.002296488818668289,,,,,,,,,-0.0012455692030100707,,,-0.0012455692030100707,,0.005349109464181645,1.0053634414933472,333
,,,,-0.0012455692030100707,,,,,,,,,-0.002296488818668289,,-0.0012455692030100707,,,-0.0005614822394932142,,,0.005349109464181644,1.0053634414933472,334
-0.0012455692030100707,,,,,,,,,-0.0012455692030100707,,,,-0.0012455692030100707,-0.0032739391639299126,-0.0012455692030100707,-0.0009823868053181009,,,,,0.009238602781288296,1.0092814103979313,335
,,,,,,,,,-0.0014033106621532444,-0.0032743397649125186,,-0.005098557457904805,,,,,,,-0.002296771875697846,,0.012072979760668413,1.0121461523547355,336
,,,,,,,,-0.0012455692030100707,-0.0059639295658042695,-0.036469327908612306,,,-0.009084874665817552,,-0.002296488818668289,,,-0.002296488818668289,-0.0012455692030100707,,0.05860224818359085,1.0603533993610015,337
,,-0.0004212003900465766,-0.002296771875697846,,,,,,,,,,,,,,,-0.0012457243988178803,,,0.003963696664562303,1.0039715624993473,338
,-0.0164987688578594,-0.02969000894165543,,,-0.0012455692030100707,-0.002296488818668289,,,,,-0.008945742077295612,,,,,,,,,,0.058676577898488805,1.0604322180561165,339
-0.002296488818668289,,,,,,,,,,,,,,,-0.0012455692030100707,-0.000421141261763016,,,,,0.003963199283441376,1.0039710631429704,340
,,,,,,,,,,-0.0002807805607575174,,,,,-0.0012455692030100707,,-0.0012455692030100707,,,,0.0027719189667776587,1.0027757642863073,341
,,,,,,,,,-0.0012455692030100707,,,-0.0002807805607575174,,,,,,,-0.0012455692030100707,,0.0027719189667776587,1.0027757642863073,342
,,,,,-0.0001404001392467304,,-0.0012455692030100707,,,,,,,,,,,,,,0.0013859693422568012,1.00138693024164,343
-0.0002807805607575174,,,-0.0012455692030100707,,,,,,,,,,,,,-0.0012455692030100707,,,,,0.0027719189667776587,1.0027757642863073,344
,,,-0.003783874720331332,,-0.019840171436989334,,,-0.002296488818668289,,,,,,,,,,,,,0.025920534975988955,1.026259393505755,345
-0.0011226488622297411,,,,,,,,,,,,,,-0.0059639295658042695,,,,,-0.002296488818668289,,0.0093830672467023,1.0094272262296862,346
,,,,,,,,-0.000421141261763016,,-0.0012455692030100707,,,,,,,-0.0012455692030100707,-0.0012455692030100707,,,0.004157848870793228,1.0041665047168182,347
,,,,,,,,-0.002296771875697846,,,,,-0.002296771875697846,,,,,-0.0005615610661240251,,,0.005155104817519717,1.0051684152327256,348
,-0.0059639295658042695,-0.010759961607497426,,,-0.002296488818668289,-0.0012455692030100707,,,,,-0.0030842439959345175,,,,,-0.0012455692030100707,,,,,0.024595762393924643,1.0249007333557165,349
-0.002296488818668289,,,,,,,,,,-0.0012455692030100707,,,,,-0.0005614822394932142,-0.0012455692030100707,,,,,0.005349109464181645,1.0053634414933472,350
,,,,,,,,,-0.27551599215164,,,,-0.002296488818668289,,,,,,-0.13017490218777086,,0.40798738315807914,1.503788187992571,351
,-0.01987569108435383,-0.00922263236568896,,,-0.00922263236568896,-0.03142617047408822,-0.0076287585758583396,-0.004203678462632874,,-0.0012455692030100707,-0.042863827380825,,,-0.0012455692030100707,,,,,,,0.12693452911515632,1.1353426834580593,352
,,-0.0012455692030100707,,,,,,,,,,,,-0.0012455692030100707,,-0.0002807805607575174,,,,,0.0027719189667776587,1.0027757642863073,353
,,,,,,,,,,,,,,,,,0.0,,,,-0.0,1.0,354
,,-0.1422617771761163,-0.09485613754807226,,,,-0.008436533461147477,,,,-0.005099792549985794,,,,-0.2620562774237075,,,,,,0.5127105181590293,1.6698111198718641,355
-0.0012455692030100707,,,-0.006806407751120032,,-0.0012628911820036733,,,,,,-0.0012455692030100707,,,,,,,,,,0.010560437339143847,1.0106163955651817,356
,,-0.0012455692030100707,,,,,,,-0.037992363148275435,,,,-0.0012455692030100707,,,-0.0032739391639299126,,,-0.12438241879270205,,0.16813985951092753,1.1831020671536976,357
,,,,,,,,,-0.03515577640767467,-0.10706683478666774,,-0.002296488818668289,-0.0012455692030100707,,,,,,-0.024902611342073996,,0.1706672805580948,1.1860960461481727,358
,,,,,,,,,,,,,,0.0,,,,,,,-0.0,1.0,359
,,,,,,,,,,,,,,-0.0012455692030100707,-0.0007018034911769887,-0.0032739391639299126,,-0.0012455692030100707,,,0.006466881061127043,1.0064878364841785,360
,-0.08290292814649121,,,,-0.0032739391639299126,,,,,,-0.021936857116163475,,,,,-0.0012455692030100707,,,,,0.10935929362959466,1.115563093057731,361
-0.0012455692030100707,-0.0012455692030100707,,,,-0.0012455692030100707,,-0.0007018034911769887,,,,,,,,,,-0.002296488818668289,,,,0.00673499991887549,1.0067577310335267,362
,,,,-0.0005615610661240251,,,-0.0012457243988178803,,,,,,-0.002296771875697846,,,,-0.0012457243988178803,,,,0.005349781739457632,1.0053641173745596,363
,,,,,,,,,,-0.0005614822394932142,,,-0.0032739391639299126,,,,,,-0.0012455692030100707,,0.005080990606433198,1.0050939207292064,364
,-0.14362546100347254,,,,-0.042348392512264715,,,,,,-0.2760753846353391,,,,-0.027329836351566116,-0.009998875141556143,,,,,0.49937794964419857,1.647696001964523,365
,,,-0.0012455692030100707,,,,,,-0.012250268390777098,-0.0012455692030100707,,,-0.0012455692030100707,,,,,,-0.002384118870098165,,0.018371094869905475,1.0185408815620582,366
,-0.22175559440357404,,,,-0.0076369889869857205,,-0.09352781453087401,,,,-0.0042082862441240685,,,,-0.01854158001581617,,,,,,0.34567026418137403,1.4129366431772592,367
-0.002296488818668289,-0.0012455692030100707,,-0.019840171436989334,,-0.2233159283560103,,-0.09366786728082566,,,,,,,,,,,,,,0.3403660250955037,1.4054619307645757,368
,-0.06695360395633126,,,,,,-0.0012465009905544865,,-0.0012465009905544865,,-0.18139887172409513,-0.010767612814498692,,,-0.002298188271002187,,,,,,0.26391127874703624,1.3020126749804728,369
,-0.0012455692030100707,,,-0.0009823868053181009,,,-0.002296488818668289,,,-0.0012455692030100707,,,,,,,-0.002296488818668289,-0.0012455692030100707,,,0.009312072051684892,1.0093555642907608,370
,-0.0012455692030100707,,,,,,,-0.0014031137618652106,,,,,,,,,,-0.008433512156488842,,,0.011082195121364123,1.0111438301189832,371
,,,,,,,,-0.07391669983785151,,,,,,-0.0191876293129601,-0.00509794015122411,-0.0012455692030100707,,,,,0.0994478385050458,1.104560853691874,372
,,-0.0076287585758583396,-0.0032739391639299126,,,,,-0.09905776103794961,,-0.0032739391639299126,,,,-0.23330355603810565,-0.002296488818668289,,,-0.0012455692030100707,,,0.3500800120014518,1.4191810955705155,373
-0.0012455692030100707,,,-0.0012455692030100707,,-0.002296488818668289,,,,-0.004203678462632874,-0.0059639295658042695,,-0.015810670150063797,,,,,,,-0.0046227784891040395,,0.03538868389229341,1.0360223157373225,374
,,-0.1744181107221055,-0.25589674615404223,,,,-0.006806407751120032,-0.0688029001020333,,,-0.05091211337298344,,,,-0.13732713152796117,-0.0012455692030100707,,-0.0012455692030100707,,,0.6966545480362659,2.007027050973983,375
,-0.0032739391639299126,,,,-0.0059639295658042695,,-0.0012628911820036733,,,,,,,,,,,,,,0.010500759911737855,1.0105560863781664,376
,,,,,,,-0.0032739391639299126,,,-0.002296488818668289,,,,,,,,,-0.0007018034911769887,,0.006272231473775191,1.0062919431080333,377
,,,,,,,,,-0.0012455692030100707,-0.002296488818668289,,,-0.004483010694873381,,-0.00509794015122411,,,,-0.01918412816677263,,0.03230713703454848,1.0328346783751219,378
,,,,-0.0012457243988178803,,,,,-0.0012457243988178803,-0.00843451900011419,,,-0.0023844532704793524,,-0.005098557457904805,,,-0.0012457243988178803,,,0.01965470292495199,1.0198491283004234,379
,,-0.0012628911820036733,-0.002296488818668289,,,,,-0.002296488818668289,,,-0.002296488818668289,,,,-0.002296488818668289,,,-0.0012455692030100707,,,0.0116944156596869,1.011763062673083,380
,,,,,,,0.0,,,,,,,,,,,,,,-0.0,1.0,381
-0.002296488818668289,,,,,,,,,-0.005321320303219855,-0.002296488818668289,,,,,,,,,-0.02551471967614899,,0.03542901761670542,1.0360641032186069,382
,,,,,,,,,-0.000421141261763016,,-0.0012455692030100707,,,,,,,,-0.002296488818668289,,0.003963199283441376,1.0039710631429704,383
,-0.002296771875697846,,,,,,,,,-0.0015435331588540518,,-0.00843451900011419,,,,,,,,,0.012274824034666086,1.0123504688794036,384
,,,,,,,-0.0002807805607575174,,,,,,,,,,-0.0012455692030100707,,-0.0012455692030100707,,0.0027719189667776587,1.0027757642863073,385
-0.0012455692030100707,,,,,,,,-0.0012455692030100707,,-0.002296488818668289,,,,-0.007971257090762058,-0.036469327908612306,,,,,,0.049228212224062796,1.050460051212275,386
,,-0.0012455692030100707,-0.0009823868053181009,,-0.0059639295658042695,,,,,,,,,,,,,,,,0.00819188557413244,1.0082255308788393,387
,-0.004203678462632874,,-0.015115178026811015,,,,-0.0030842439959345175,,,,,,,,,,,,,,0.022403100485378406,1.022655934499491,388
,-0.00922263236568896,-0.30147732958242424,-0.0012455692030100707,,,-0.002296488818668289,,-0.16025248061318187,,,-0.0012455692030100707,,,,-0.020490596808652384,-0.00509794015122411,,-0.002296488818668289,,,0.5036250955645283,1.6547088891531363,389
-0.0012455692030100707,,,,,,,,,-0.027922998140442405,,,,,,,,,,-0.005460969215063598,,0.03462953655851607,1.0352361206153193,390
,,,,,,,,,,0.0,,,,,,,,,,,-0.0,1.0,391
,,,,,,,,,0.0,,,,,,,,,,,,-0.0,1.0,392
,,,,,,,,,,,,,,0.0,,,,,,,-0.0,1.0,393
,,,,,-0.0001404001392467304,-0.0012455692030100707,,,,,,,,,,,,,,,0.0013859693422568012,1.00138693024164,394
,-0.002296488818668289,,,,,,,,-0.0012455692030100707,,,-0.0007018034911769887,,,,-0.0012455692030100707,,,-0.0012455692030100707,,0.00673499991887549,1.0067577310335267,395
,,,,,,0.0,,,,,,,,,,,,,,,-0.0,1.0,396
-0.0012455692030100707,,,,,,,,,,,,,,-0.0012455692030100707,-0.0002807805607575174,,,,,,0.0027719189667776587,1.0027757642863073,397
,,,,-0.002296488818668289,,,,,,,,,-0.0012455692030100707,,-0.0008421050140427705,,,-0.0032739391639299126,,,0.007658102199651044,1.007687500461349,398
,,,,,,,,,-0.0012455692030100707,-0.000421141261763016,,,-0.002296488818668289,,,,,,,,0.003963199283441376,1.0039710631429704,399
,,,,,,,,,,0.0,,,,,,,,,,,-0.0,1.0,400
,-0.010759961607497426,,,,,-0.09467370872807296,,-0.22764137647158028,,,,,,-0.0012455692030100707,,,,,,,0.3343206160101607,1.3969909694514522,401
,,,,,,0.0,,,,,,,,,,,,,,,-0.0,1.0,402
,-0.0012455692030100707,,,,,,,-0.0005614822394932142,,-0.002296488818668289,,,,,,,,-0.0012455692030100707,,,0.005349109464181645,1.0053634414933472,403
,,,,,,,,,-0.08992323709185263,,,-0.15866712029939345,,,,-0.0012455692030100707,,,-0.2851585818667702,,0.5349945084610264,1.7074388657613895,404
,,,-0.0012455692030100707,,-0.0005614822394932142,-0.0012455692030100707,-0.002296488818668289,,,,,,,,,,,,,,0.005349109464181645,1.0053634414933472,405
,,,,,,,,,,0.0,,,,,,,,,,,-0.0,1.0,406
,,,,,,,,,,-0.0001404001392467304,,,,,,,-0.0012455692030100707,,,,0.0013859693422568012,1.00138693024164,407
,,,,,-0.0050419630201626545,,-0.0012455692030100707,,,,-0.01918412816677263,,,,,,,,-0.009997688079392428,,0.03546934846933778,1.036105889409902,408
,,,,,,,,,,,,,,,0.0,,,,,,-0.0,1.0,409
-0.0012455692030100707,,,,,,,,,,-0.0012455692030100707,,,,-0.0012455692030100707,-0.0005614822394932142,,,-0.0012455692030100707,,,0.005543759051533497,1.0055591541194455,410
-0.0012455692030100707,,,,,,,,,-0.004203678462632874,-0.0012455692030100707,,,-0.0032739391639299126,,,,,,-0.0012628911820036733,,0.011231647214586601,1.0112949589739242,411
,,,,,,,,,-0.005740207565389725,-0.0012455692030100707,,-0.002296488818668289,,,,,,,-0.027922998140442405,,0.03720526372751049,1.0379060434377845,412
,,,,,,,,,,,,,,0.0,,,,,,,-0.0,1.0,413
,,,,,,,,,,-0.0002808199851526924,,,,,,,,,-0.002296771875697846,,0.002577591860850538,1.002580916706836,414
,-0.0012457243988178803,,,,,,-0.002296771875697846,,-0.045945340998848117,,,-0.04069105439056049,,,,-0.005098557457904805,,,-0.10637924752504442,,0.20165669664687355,1.2234279290978491,415
,,-0.002296488818668289,,,,,,-0.0007018034911769887,,-0.002296488818668289,,,,,,,,,-0.0012455692030100707,,0.006540350331523638,1.0065617851276312,416
,,,,,,,,,,,,,,-0.0001404001392467304,-0.0012455692030100707,,,,,,0.0013859693422568012,1.00138693024164,417
,,,,,,,,,,-0.0012628911820036733,,-0.00509794015122411,,-0.0012455692030100707,-0.002296488818668289,,,,-0.0012455692030100707,,0.011148458557916213,1.0112108342039514,418
-0.0016834996907474523,,,,,,,-0.0012455692030100707,,,,,,,,-0.00922263236568896,-0.0012455692030100707,,,,,0.013397270462456553,1.0134874160086225,419
,,-0.054763460681746264,-0.012695330014143113,,-0.0012455692030100707,,-0.0012455692030100707,,,,,,,,,,,,,,0.06994992910190952,1.072454481150789,420
,,,,,,,,,-0.0012455692030100707,-0.08488125613552108,,,,-0.022348546253763403,,-0.0012455692030100707,,,,,0.10972094079530463,1.115966606248809,421
,,,,-0.0012455692030100707,,,,,,-0.004203678462632874,,,-0.017179844137658003,,-0.005740207565389725,-0.010759961607497426,,-0.0032739391639299126,,,0.04240320014011801,1.0433150587339801,422
-0.27912052511903823,,,,,,,,,-0.0012455692030100707,,-0.0012455692030100707,,,,-0.002296488818668289,-0.13362038987920657,,,,,0.41752854222293323,1.518204736218119,423
-0.002296771875697846,,,,,,,,,-0.03027546983279705,-0.0012457243988178803,,,-0.005964648764011293,,,,,,-0.0071362074985184265,,0.046918822369842496,1.0480369284722104,424
,,,,,,,,,-0.0012457243988178803,-0.012981505216008809,,,-0.002664601862450197,,,,,-0.002296771875697846,-0.0012457243988178803,,0.020434327751792616,1.0206445380207725,425
,-0.0012457243988178803,,,,,-0.0012457243988178803,,,,,-0.0004212003900465766,,,,,-0.0012457243988178803,,,,,0.004158373586500218,1.0041670316188938,426
,,-0.03142971600095632,-0.14560285205407666,,-0.27154924186352414,,-0.03918001757327214,,,,,,,,,-0.04024540554776035,,,,,0.5280072330395896,1.6955501035384921,427
-0.002296771875697846,-0.0012457243988178803,-0.00843451900011419,-0.24087125209030658,,,,-0.1056589451941979,,,,,,,,-0.012981505216008809,,,,,,0.3714887177751432,1.449891488007354,428
-0.0012455692030100707,,-0.021775442558628268,-0.012418081327775048,,-0.01151052072211323,,-0.03256752506290886,,,,,,,,,,,-0.0012455692030100707,,,0.08076270807744554,1.0841136146386208,429
,,,-0.0032739391639299126,,-0.0007018034911769887,,-0.0012455692030100707,,,,-0.0012455692030100707,,,,,,,,,,0.006466881061127043,1.0064878364841785,430
-0.012556715654605102,,,,-0.0012455692030100707,,,-0.002296488818668289,,-0.00922263236568896,,,,,-0.0059639295658042695,,-0.024286247508174093,,,-0.0285155723800358,,0.08408715549598658,1.0877236907754937,431
,-0.0012455692030100707,,-0.002296488818668289,,-0.000421141261763016,,,,,,,,,,,,,,,,0.003963199283441376,1.0039710631429704,432
,,-0.041296853086933885,-0.009919252270546214,,-0.0076287585758583396,,,,-0.0012455692030100707,,,,,,,,,,,,0.06009043313634851,1.0619325760966145,433
,,,,,,,,,,-0.0032739391639299126,,,-0.000421141261763016,,,,,,,,0.0036950804256929287,1.0037019156516793,434
-0.0012455692030100707,,,-0.0012455692030100707,,,,,,-0.03313358948609944,,,,-0.00509794015122411,,,,,,-0.00755332250126726,,0.04827599054461095,1.0494602564667734,435
-0.00509794015122411,,,-0.010759961607497426,,-0.0025241834306731115,,,,,,-0.0012455692030100707,,,,,,,,,,0.019627654392404718,1.0198215432511526,436
,,,-0.0012455692030100707,,,,,,-0.020490596808652384,,,,,,,,,,-0.003783874720331332,,0.02552004073199379,1.0258484648185893,437
,-0.0012455692030100707,,,,,,,-0.0008421050140427705,,-0.002296488818668289,,,,,,,,-0.0032739391639299126,,,0.007658102199651044,1.007687500461349,438
,,,,,,,,,,-0.0015437497794538327,,,-0.009224828527264011,-0.0012458796354502838,,,,,,,0.012014457942168127,1.0120869214544785,439
,,,,,,-0.0012455692030100707,,,,,,,,-0.000421141261763016,-0.002296488818668289,,,,,,0.003963199283441376,1.0039710631429704,440
,,-0.0076287585758583396,-0.0018236630342147687,,-0.0032739391639299126,,-0.0012455692030100707,-0.0012455692030100707,,,,,,,,,,,,,0.015217499180023164,1.0153338748870597,441
-0.024902611342073996,,,,,-0.0012455692030100707,,,,-0.06966646783638653,,,,,,,,,,-0.02166229687495583,,0.11747694525642642,1.1246557009960465,442
,,-0.0032739391639299126,,,,-0.027326728474327357,,-0.010752912989654547,,-0.002296488818668289,-0.0032739391639299126,,,-0.0032739391639299126,,,,-0.022410248944353582,,,0.07260819671879351,1.0753091447174596,443
,-0.015812515774680243,-0.10567835478285484,,-0.0012457243988178803,-0.05091766569780713,-0.02049296160019333,,,,,-0.04725520896475056,,,,-0.002296771875697846,-0.0012457243988178803,,,,,0.24494492749361968,1.2775509533344285,444
,-0.01581436186510562,,,,,-0.016711100362359264,,-0.012983032591229939,,-0.04895618453041151,-0.006808043537563899,,,-0.0012458796354502838,,,,-0.0012458796354502838,,,0.10376448215757081,1.1093391549820886,445
-0.0012455692030100707,,,,,,,,,-0.33559093537699775,,,,,,,,,,-0.3554843932643249,,0.6923208978443327,1.9983481171238937,446
,,,,,,,,,,-0.0012455692030100707,,,-0.0012455692030100707,-0.0012455692030100707,-0.000421141261763016,,,,,,0.004157848870793228,1.0041665047168182,447
,,,-0.04993234834292129,-0.0012455692030100707,-0.031998408008008024,,-0.017396317375106548,,,,,,,,,,,,,,0.10057264292904593,1.105803967625646,448
-0.002296488818668289,,,,,,,-0.0032739391639299126,,-0.04795130318346054,,,-0.0032739391639299126,,,,,,,-0.011585856212593972,,0.06838152654258263,1.0707737591666533,449
,,-0.002296488818668289,-0.0014031137618652106,,-0.0076287585758583396,,,,,,,,,,,,,,,,0.011328361156391839,1.011392770025504,450
,,,,,,,,,,-0.003784405076936901,,-0.007629672127288065,-0.015116945702787148,-0.0012457243988178803,,,,,,,0.027776747305829998,1.0281661179408264,451
-0.0012455692030100707,,,,,,,-0.0007018034911769887,,,,,,,,-0.0032739391639299126,,,,-0.0012455692030100707,,0.0064668810611270425,1.0064878364841785,452
,,,,,,,,-0.0012457243988178803,-0.03647340417255865,-0.00894699262027741,,,-0.00843451900011419,-0.0012457243988178803,,,,,,,0.05634636459058601,1.0579640615718349,453
-0.0012455692030100707,,,,,,,,,,-0.0032739391639299126,,,,-0.0009823868053181009,-0.002296488818668289,-0.0012455692030100707,,,,,0.009043953193936444,1.009084973306695,454
,-0.002296488818668289,-0.3532101860207545,-0.057118648366661834,,,,-0.012979978228170836,,,,-0.009997688079392428,,,,-0.3446846194010978,-0.002296488818668289,,,,,0.782584097733414,2.1871166927699233,455
,,,,,,,-0.0012455692030100707,,,-0.002296488818668289,,,,,,,-0.0005614822394932142,-0.0012455692030100707,,,0.005349109464181645,1.0053634414933472,456
-0.0012455692030100707,-0.002296488818668289,,,,-0.004203678462632874,,-0.0009823868053181009,,,,,,,,,,,,,,0.008728123289629333,1.0087663244182106,457
,-0.10425822649625238,-0.002296488818668289,,,-0.021135620463563834,,,,,,-0.034614450973107586,,,,,-0.009997688079392428,,,,,0.17230247483098454,1.1880371302021797,458
,,-0.002296488818668289,-0.017179844137658003,,,,,-0.00509794015122411,,,,,-0.0012455692030100707,,,,,-0.004063588499658569,,,0.029883430810219037,1.0303344217042176,459
-0.022412824154735833,,,,,,,,,-0.10532693017799445,-0.27224502508912657,,-0.26380016355092306,-0.013701928879072811,,,,,,-0.2509074992892185,,0.9283943711410713,2.5304429618293334,460
,,,,,,,,,-0.012979978228170836,-0.009223987357783212,,-0.009997688079392428,-0.0012455692030100707,,-0.027326728474327357,,,,-0.002296488818668289,,0.06307044016135219,1.0651018625360011,461
-0.007629672127288065,,,,,,-0.0012457243988178803,,,-0.26944010094703436,-0.33306332068495087,,-0.34157366746826306,,,,-0.021138056116472473,,,-0.26036535019706836,,1.2344558919398951,3.436508180118155,462
,-0.0012455692030100707,-0.0012455692030100707,,-0.0032739391639299126,,,-0.04993234834292129,,-0.3633081184452397,,,,,,-0.2669473345691387,-0.02366549514742065,,,-0.0012455692030100707,,0.7108639432776805,2.035749271023659,463
-0.06284934903689461,,,,,,,,,-0.0076287585758583396,,,,,,-0.0076287585758583396,-0.006806407751120032,,,-0.1720070795067654,,0.2569203534464967,1.2929421442726374,464
,,,,-0.005098557457904805,,,-0.0008422232207405589,,,,,,,,-0.0012457243988178803,,,,,,0.007186505077463244,1.0072123899752414,465
-0.3327049340805021,,,,-0.0012457243988178803,,,-0.21967779549290148,,-0.08684646407104338,-0.0012457243988178803,,,-0.009223730306120037,,-0.022412824154735833,-0.20844323455407768,,,-0.3483597889817407,,1.230160220438757,3.4217777311019,466
,,,,,,,,,-0.03027546983279705,-0.05018621590637206,,-0.13941783224550944,-0.0012457243988178803,-0.0012457243988178803,-0.002296771875697846,,,,-0.0012457243988178803,,0.22591346305683002,1.253467189365736,467
-0.3188851340102569,,,,,,,,,-0.3677961140648386,,,-0.02366549514742065,,,,-0.3673672335709475,,,-0.1960147994130522,,1.2737287762065157,3.574154970102891,468
-0.3076718888607033,,,,,,,-0.03536858042499063,,-0.06706164364459949,,,-0.002296488818668289,,-0.0012455692030100707,-0.022410248944353582,-0.3583581550726143,,,-0.21251883167581062,,1.0069314066447503,2.7371887954276093,469
-0.0012457243988178803,-0.0012457243988178803,,,,,,,,-0.0032743397649125186,-0.07520616399714115,,-0.17843054337777267,,-0.0032743397649125186,-0.017181842596746627,-0.0032743397649125186,,,-0.04024540554776035,,0.32337842361179414,1.3817881532427012,470
-0.012250268390777098,,,,,,,,,-0.25034399810647473,-0.02672666348128869,-0.0012455692030100707,-0.20966262536911628,,,-0.0032739391639299126,-0.013700320452901864,,,-0.24904597575825993,,0.7662493599257585,2.1516809199891815,471
,,,,,,,,,-0.002296771875697846,-0.01144868032334469,,-0.0012457243988178803,-0.0012457243988178803,,-0.04543765961737026,,,,-0.007629672127288065,,0.06930423274133662,1.0717622247132126,472
-0.07806862054010429,,,,,,-0.002296771875697846,,,-0.36616695753693884,-0.017181842596746627,-0.0012457243988178803,-0.35089214488152637,-0.26006276979519477,-0.0012457243988178803,,-0.32675171661774155,,,-0.1463805160221039,,1.55029278866369,4.712849849615092,473
-0.0012455692030100707,,,,,,,,,-0.015463419694218715,-0.0059639295658042695,,,-0.022410248944353582,,,-0.031998408008008024,,,-0.02304021264606389,,0.10012178806145855,1.1053055228958042,474
,,,,-0.1478286651766547,,,,,-0.0022973382116993754,-0.05092877435383427,,,-0.11319377162009214,-0.012984560353985805,-0.1478286651766547,,,-0.0012460349129237074,-0.04183529043108266,,0.5181431002369273,1.678907191040782,475
,,,,,,,,,-0.18632062506167338,-0.11772191236223523,,-0.0012461902312545852,-0.023050792432177506,-0.0022976214907305965,-0.148407999543987,-0.008437541078758817,-0.004205725037904045,,-0.0012461902312545852,,0.4929345974699758,1.6371134465263855,476
-0.0012455692030100707,-0.00509794015122411,,,,,,,,-0.18672047446492304,-0.03592030434615661,,-0.12250292982081841,,,,-0.15087648689406408,,,-0.015115178026811015,,0.5174788829070074,1.677792402061231,477
-0.23755961990121952,-0.004203678462632874,,-0.0012455692030100707,,,,,,-0.06126511263516329,-0.0012455692030100707,-0.1396995759291174,-0.03142617047408822,,,-0.0012455692030100707,-0.156963322980029,,,-0.0032739391639299126,,0.6381281271552104,1.892934228721371,478
,-0.004204189907519862,,,-0.00797237196980683,,,,,,,,,-0.0032743397649125186,,-0.0032743397649125186,,-0.023042856602948896,-0.014413569961907097,,,0.056181667972007715,1.057789832816154,479
,-0.034256817568186985,,,-0.01103064048261137,,,-0.0012455692030100707,-0.002296488818668289,,,,,-0.010759961607497426,,-0.0012455692030100707,,-0.010759961607497426,-0.002296488818668289,,,0.07389149730914993,1.0766899753986023,480
,-0.25657914359701883,,,,,,-0.28249722479755,,-0.0032739391639299126,,-0.2941999502145502,,,,,-0.0012455692030100707,-0.0059639295658042695,,-0.004203678462632874,,0.8479634350044962,2.334886857709529,481
,-0.22724013295692258,-0.0022976214907305965,,,-0.0022976214907305965,,-0.11629705400588544,,-0.003275542193341681,,-0.32900127308764665,,,,,,-0.07352756410731066,-0.0012461902312545852,,,0.7551829995638228,2.128000910963851,482
-0.3082369442565346,,-0.010002438146387953,-0.0022976214907305965,-0.0012461902312545852,,,-0.18088830638314551,,-0.09523773292756255,-0.0022976214907305965,,,-0.06577105225504792,-0.05383383442331458,-0.020500059529258926,-0.3072225597420598,,,-0.34154775341795246,,1.38908211429398,4.011166570285424,483
,-0.033148499553937026,-0.2017548880342805,-0.05044512988363311,,-0.007632414188693793,-0.0022976214907305965,,-0.179927824387289,-0.004205725037904045,,-0.25009574119913053,-0.0012461902312545852,,,-0.09782024898748155,-0.004205725037904045,,-0.004205725037904045,,,0.8369857330701428,2.3093953408699304,484
,-0.0893340585594315,,,,,-0.08055751778502544,-0.15013692595386086,,-0.0012466564315564235,-0.009230323847547304,-0.07852671410790703,-0.0022984717723018994,,-0.0012466564315564235,-0.0032767455608668345,-0.0022984717723018994,-0.0012466564315564235,,,,0.41939919865391206,1.5210474336976614,485
-0.34034065624931453,-0.021135620463563834,,,,,-0.014411881330565238,,-0.004203678462632874,-0.00509794015122411,-0.021775442558628268,-0.0059639295658042695,-0.002296488818668289,,-0.3678247761380522,-0.1530936282850485,-0.3650340949900623,,,-0.06662332906200005,,1.3678014660755644,3.9267081973557416,486
,-0.037563665809750166,-0.018524380318103977,-0.05042861181641054,,-0.2992900853402673,-0.002296771875697846,-0.1284931181650247,,,,-0.3646634545278103,-0.0012457243988178803,,,-0.002296771875697846,-0.0068072255391781605,,,-0.009998875141556143,,0.9216086848083149,2.513330295862656,487
,,,,,,,,-0.0012457243988178803,,-0.011511880792693111,,,-0.009223730306120037,-0.22064735126108972,-0.12300108720935259,-0.11593014775904541,,-0.00843451900011419,-0.002296771875697846,,0.4922912126029308,1.6360604912733143,488
-0.1829837745017064,-0.2276595801392202,-0.005098557457904805,,,-0.002296771875697846,,-0.013701928879072811,,-0.3678432311809117,-0.0012457243988178803,-0.09557968440848892,-0.05571617726574076,,-0.005964648764011293,-0.021138056116472473,-0.3640816801044115,,,-0.012981505216008809,,1.3562913203084654,3.8817703304445157,489
,-0.3411952079414504,-0.0022973382116993754,-0.004205213195102673,,-0.010001250174934756,-0.2413608965148383,-0.0012460349129237074,-0.07643926150760502,,-0.013705146954042065,-0.08132927203977282,,,-0.026735795735260495,,,,,,,0.7985154171876296,2.2222393799992552,490
,-0.3673443500706493,-0.002296488818668289,,-0.019840171436989334,,-0.3134555544066436,-0.002296488818668289,-0.3591264899652737,,-0.0076287585758583396,,,,-0.0164987688578594,-0.029104545968681755,,-0.0012455692030100707,-0.0012455692030100707,,,1.120082755325312,3.0651078467946604,491
-0.002296488818668289,-0.15718535509599277,-0.15772461441683885,-0.11525209606582608,-0.04993234834292129,-0.0012455692030100707,,-0.3674398396971656,,-0.01151052072211323,,-0.0032739391639299126,,,,-0.34830681483634407,,,,,,1.21416758636281,3.367489752916582,492
,-0.020490596808652384,,,,,-0.0012455692030100707,,-0.054763460681746264,-0.01852223278600073,-0.3344399657766703,,,-0.12117053105173023,-0.35818402170190605,-0.25620795496607685,,,,,,1.165024332975793,3.206000893795837,493
-0.0012455692030100707,-0.3573241780091228,,,,-0.10248131777308582,-0.004203678462632874,-0.26077642714741256,,-0.002296488818668289,,-0.0076287585758583396,,,,,,,,-0.01852223278600073,,0.7544786507757915,2.1265025838356766,494
,-0.04131974782910764,,-0.13347445943416059,,-0.33382134844228284,-0.0012463455904593607,-0.3658354855777305,,,,-0.007633328678509974,-0.01853297584396695,,,,,,,-0.0012463455904593607,,0.9031100369866772,2.467264475192685,495
-0.09996492119959743,-0.1776859566013675,,,,,,-0.00922263236568896,,-0.3011524224303276,-0.033696666237100804,-0.038100696671404685,-0.08369695389325428,,-0.0308507415290928,-0.3154293845803802,-0.3459228825749062,,,-0.008433512156488842,,1.4441567702396094,4.2382767944863415,496
,-0.04289227032431925,,-0.014422019530691634,,-0.3497396802496006,,-0.23105372966433765,,,,-0.010004814999418339,,,,,,,,-0.002298188271002187,,0.6504107030393697,1.9163277090303554,497
,-0.12117491822757254,-0.03256752506290886,,,-0.019840171436989334,-0.002296488818668289,-0.06966646783638653,,,,-0.22782699971933937,-0.012979978228170836,,,-0.013700320452901864,,-0.0012455692030100707,,,,0.5012984389859477,1.6508634251023988,498
,-0.041821395065867725,-0.04644594181791071,,,-0.16434464317567277,,,,,,-0.07390544855371137,,,,,-0.0032739391639299126,,,,,0.3297913677770925,1.3906779579616564,499
-0.01853727684830365,-0.005968967849300827,,,,-0.0012466564315564235,,-0.005968967849300827,,-0.13197197758036813,-0.0022984717723018994,-0.0012466564315564235,-0.0514386203214751,,,,-0.0012466564315564235,,,-0.05685651869618269,,0.2767807702119024,1.318877202169344,500
-0.0076342434031544575,,-0.002298188271002187,,,,,,,,-0.021790486661199357,,,-0.009229224221179989,-0.025532205989567902,-0.05829997459439392,-0.14701899194911305,,,,,0.27180331508961086,1.3123288606413968,501
-0.2570020555918973,,,,,,,-0.0032743397649125186,,-0.2557597940951517,-0.0012457243988178803,,,-0.25869333579472603,,-0.11890200406526491,-0.011511880792693111,,,-0.30912242681428015,,1.2155115613177436,3.372018617464065,502
-0.11087298849368821,,-0.005964648764011293,,,,,,,-0.014413569961907097,,,,,-0.05042861181641054,-0.017181842596746627,-0.05363715635329369,,,-0.028518807768044746,,0.28101762575410216,1.3244769486345334,503
-0.0012455692030100707,,,,,,,,,,-0.0032739391639299126,,,-0.0032739391639299126,-0.36777405714471517,-0.29517893852004967,,,,,,0.6707464431956347,1.9556965923505487,504
,-0.00922263236568896,,,,-0.002296488818668289,-0.0969317243826002,,-0.2267102370402891,,-0.004203678462632874,-0.0032739391639299126,,,-0.012979978228170836,-0.002296488818668289,,,,,,0.3579151672806484,1.4303442753384659,505
-0.0012455692030100707,-0.0012455692030100707,-0.3649236066248754,-0.06171883015001691,,,,-0.1917639055154696,-0.002296488818668289,,,-0.002296488818668289,,,-0.01852223278600073,-0.3490058479026604,-0.2219778153778601,,,,,1.21499635440024,3.370281777600771,506
-0.0012460349129237074,-0.22068325806597772,,,,-0.005966087716709497,,-0.19641225469032159,,,,-0.26413295291694694,,,,,,-0.0012460349129237074,,-0.004205213195102673,,0.6938918364109059,2.0014898663519234,507
,-0.3507361204680319,,,,-0.0012455692030100707,-0.0012455692030100707,,,,,-0.2240208172205616,,,,,,,,,,0.5772480760946136,1.7811301456077335,508
-0.021775442558628268,,-0.002296488818668289,-0.0012455692030100707,,,,,,-0.15391873185291166,,,,-0.02969000894165543,,,-0.0012455692030100707,,,-0.06035708359804478,,0.27052889417592857,1.310657466551774,509
,,,,,,,,,-0.20145202103298315,-0.0032739391639299126,-0.0032739391639299126,-0.04234370822108892,,,,-0.0059639295658042695,,,-0.33290272373400415,,0.5892102608817403,1.8025642975921172,510
-0.015115178026811015,,-0.0032739391639299126,,-0.002296488818668289,,,,-0.0012455692030100707,-0.0012455692030100707,,,,-0.0032739391639299126,-0.03536858042499063,-0.011169474326345233,-0.0012455692030100707,,,,,0.0742343075337052,1.0770591390037592,511
,,,,,,,,,,-0.010759961607497426,,,,,-0.0016834996907474523,,,,,,0.012443461298244878,1.0125212032879451,512
,-0.0032739391639299126,,,,,,,,,,,,,,-0.0012455692030100707,,-0.0005614822394932142,,,,0.005080990606433198,1.0050939207292064,513
,,,-0.0012461902312545852,,-0.0004213778745585556,-0.0012461902312545852,,,,,-0.0012461902312545852,,,,,,,,,,0.004159948568322311,1.0041686131649605,514
-0.002298188271002187,,,,,,,,,,-0.26967679001714645,,-0.002298188271002187,,-0.002298188271002187,-0.13324886458938434,,-0.0012465009905544865,-0.0402677612695078,-0.003276344333945032,,0.45461082601354474,1.5755600967004553,515
,,,,-0.002298188271002187,,,,-0.10502758461147442,,,,,-0.015125790786398552,,,,,-0.032201109927516854,,,0.154652673596392,1.167252473087274,516
,-0.004206749121790801,,,,,,,,-0.0012465009905544865,,-0.0007023950229904614,,,,,,,,,,0.006155645135335749,1.0061746300536678,517
,-0.04698058422674613,-0.09338959066485411,,,,,-0.0012465009905544865,,-0.07438265956084995,,-0.006811317636047342,,,,-0.05460103336579325,-0.004206749121790801,,,-0.0012465009905544865,,0.2828649365571906,1.326925930529102,518
-0.0012466564315564235,-0.03704465622681977,,-0.0012466564315564235,,-0.2552481482158257,,-0.12104306197698181,,,,-0.005968967849300827,,,,-0.0022984717723018994,,,,-0.0012466564315564235,,0.4253432753358992,1.5301155804606945,519
-0.009230323847547304,-0.0012466564315564235,-0.006812136687319814,-0.011520048487675532,-0.004207261362981904,,,-0.06264678242495589,,,,,,,,-0.16806412810172958,-0.0012466564315564235,,,-0.0012466564315564235,,0.2662206502068793,1.3050229805113867,520
,-0.02614356088773139,-0.0032767455608668345,-0.22776886895538764,,-0.10586609406803459,-0.0022984717723018994,-0.04027223568490669,,,,-0.0012466564315564235,,,,,,,,-0.0012466564315564235,,0.40811928979234185,1.5039865607141445,521
-0.22926687219576916,,-0.001246811913481642,,,,,,,-0.021795506379720202,,-0.001246811913481642,,,-0.001246811913481642,-0.0022987553477504794,-0.0982869993423259,,,,,0.3553885690060107,1.426734931561218,522
,-0.3355254525871312,-0.005102883075677748,,,-0.006812955949419682,-0.007636073557299482,-0.18521767093735114,,-0.012261832544349732,,-0.36767881943974634,,,,-0.05337793764941253,-0.005969688346876873,-0.001246811913481642,,,,0.9808301260007463,2.666668994638403,523
,-0.005103501660550692,,,,,-0.002299038997377638,,,-0.001246967436346621,-0.007841835760095279,,-0.03203089551853561,,-0.001246967436346621,,,-0.001246967436346621,,-0.001246967436346621,,0.0522631416819457,1.0536529660509049,524
,,,,,,,,,,,,,,,,,,,,,-0.0,1.0,525
